subject,relation,object
中府,拼音,ZhōngFǔ
中府,定位,在胸外侧部，云门下１寸，平第一肋间隙处，距前正中线6寸。
中府,解剖,当胸大肌、胸小肌处，内侧深层为第一肋间内、外肌；上外侧有腋动、静脉，胸肩峰动、静脉；布有锁骨上神经中间支，胸前神经分支及第一肋间神经外侧皮支。
中府,主治,咳嗽，气喘，肺胀满，胸痛，肩背痛。
中府,配伍,配尺泽治咳嗽;配肩s治肩痛。
中府,刺灸法,向外斜刺或平刺0.5～0.8寸，不可向内深刺，以免伤及肺脏。
中府,附注,肺的募穴，手、足太阴经交会穴。
云门,拼音,Yúnmén
云门,定位,在胸外侧部，肩胛骨喙突上方，锁骨下窝凹陷处，距前正中线６寸。
云门,解剖,有胸大肌，皮下有头静脉通过，深部有胸肩峰动脉分支；布有胸前神经的分支臂丛外侧束、锁骨上神经中后支。
云门,配伍,云门、中府、隐白、期门、肺俞、魂门、大陵，主胸中痛。
云门,主治,咳嗽，气喘，胸痛，肩背痛，胸中烦痛。
云门,刺灸法,向外斜刺０.５～０.８寸，可灸。
天府,拼音,Tiānfǔ
天府,定位,在臂内侧面，肱二头肌桡侧缘，腋前纹头下３寸处。
天府,解剖,肱二头肌外侧沟中；有头静脉及肱动、静脉分支；分布着臂外侧皮神经及肌皮神经。
天府,主治,气喘，鼻衄，瘿气，臂痛。
天府,配伍,配曲池治疗臂痛。
天府,刺灸法,直刺0.5～1寸。
侠白,拼音,Xiábái
侠白,定位,在臂内侧面，肱二头肌桡侧缘，腋前纹头下４寸，或肘横纹上5寸处。
侠白,解剖,肱二头肌外侧沟中；当头静脉及桡动、静脉分支；分布有臂外侧皮神经，当肌皮神经经过处。
侠白,主治,咳嗽，气喘，干呕，烦满，痛。
侠白,配伍,"配曲池,肩s治肩臂痛。"
侠白,刺灸法,直刺0.5～1寸。
尺泽,拼音,Chǐzé
尺泽,定位,在肘横纹中，肱二头肌腱桡侧凹陷处。
尺泽,解剖,在肘关节，当肘二头肌腱之外方，肱桡肌起始部；有桡侧返动、静脉分支及头静脉；布有前臂外侧皮神经，直下为桡神经。
尺泽,主治,咳嗽，气喘，咳血，潮热，胸部胀满，咽喉肿痛，小儿惊风，吐泻，肘臂挛痛。
尺泽,配伍,配太渊，经渠治咳嗽，气喘；配孔最治咳血，潮热；配曲池治肘臂挛痛。
尺泽,刺灸法,直刺0.8～1.2寸；或点刺出血。
尺泽,附注,手太阴经所入为“合”。
孔最,拼音,Kǒngzuì
孔最,定位,在前臂掌面桡侧，当尺泽与太渊连线上，腕横纹上7寸处。
孔最,解剖,有肱桡肌，在旋前圆肌上端之外缘，桡侧腕长、短伸肌的内缘；有头静脉、桡动、静脉；布有前臂外侧皮神经，桡神经浅支。
孔最,主治,咳嗽，气喘，咳血，咽喉肿痛，肘臂挛病，痔疾。
孔最,配伍,配肺俞尺泽治咳嗽，气喘；配鱼际治咳血。
孔最,刺灸法,直刺0.5～1寸。
孔最,附注,手太阴经郄穴。
列缺,拼音,Lìeqūe
列缺,定位,在前臂桡侧缘，桡骨茎突上方，腕横纹上1.5寸，当肱桡肌与拇长展肌腱之间。
列缺,简便取穴法,两手虎口自然乎直交叉，一手食指按在另一手桡骨茎突上，指尖下凹陷中是穴。
列缺,解剖,在肱桡肌腱与拇长展肌腱之间，桡侧腕长伸肌腱内侧；有头静脉，桡动、静脉分支；布有前臂外侧皮神经和桡神经浅支的混合支。
列缺,主治,伤风，头痛，项强，咳嗽，气喘，咽喉肿痛，口眼歪斜，齿痛。
列缺,配伍,配合谷治伤风头痛项强;配肺俞治咳嗽气喘。
列缺,刺灸法,向上斜刺0.3～0.5寸。
列缺,附注,手太阴经络穴；八脉交会穴之一，通于任脉。
经渠,拼音,Jīngqú
经渠,定位,在前臂掌面桡侧，桡骨茎突与桡动脉之间凹陷处，腕横纹上1寸。
经渠,解剖,桡侧腕屈肌腱的外侧，有旋前方肌当桡动、静脉外侧处；布有前臂外侧皮神经和桡神经浅支混合支。
经渠,主治,咳嗽，气喘，胸痛，咽喉肿痛，手腕痛。
经渠,配伍,配肺俞，尺泽治咳嗽。
经渠,刺灸法,避开桡动脉，直刺0.3～0.5寸。
太渊,拼音,Tàiyuān
太渊,定位,在腕掌侧横纹桡侧，桡动脉搏动处。
太渊,解剖,桡侧腕屈肌腱的外侧，拇展长肌腱内测；有桡动、静脉；布有前臂外侧皮神经和桡神经浅支混合支。
太渊,主治,咳嗽，气喘，咳血，胸痛，咽喉肿痛，腕臂痛，无脉症。
太渊,配伍,配尺泽，鱼际，肺俞治咳嗽，咳血，胸痛；配人迎治无脉症。
太渊,刺灸法,避开桡动脉，直刺0.3～0.5寸。
太渊,附注,手太阴经所注为“输”；肺经原穴；脉会太渊
鱼际,拼音,Yújì
鱼际,定位,在手拇指本节（第１掌指关节）后凹陷处，约当第１掌骨中点桡侧，赤白肉际处。
鱼际,解剖,有拇短展肌和拇指对掌肌；血管当拇指静脉回流支；布有前臂外侧皮神经和桡神经浅支混合支。
鱼际,主治,咳嗽，咳血，咽喉肿痛，失音，发热。
鱼际,配伍,"配孔最,尺泽治咳嗽,咳血;配少商治咽喉肿痛。"
鱼际,刺灸法,直刺0.5～0.8寸。
鱼际,附注,手太阴经所溜为“荥”。
少商,拼音,Shàoshāng
少商,定位,在手拇指末节桡侧，距指甲角0.1寸。
少商,解剖,有指掌固有动、静脉所形成的动、静脉网；布有前臂外侧皮神经和桡神经浅支混合支，正中神经的掌侧固有神经的末梢神经网。
少商,主治,咽喉肿痛，咳嗽，鼻衄，发热，昏迷，癫狂。
少商,配伍,三棱针点刺出血，配合谷治咽喉肿痛；配中冲治昏迷，发热。
少商,刺灸法,浅刺0.1寸，或点刺出血。
少商,附注,手太阴经所出为“井”。
商阳,拼音,shāngyáng
商阳,定位,在手食指末节桡侧，距指甲角0.1寸
商阳,解剖,有指及掌背动、静脉网；布有来自正中神经的指掌侧固有神经，桡神经的指背侧神经。
商阳,主治,耳聋，齿痛，咽喉肿痛，颌肿，青盲，手指麻木，热病，昏迷
商阳,配伍,"配少商点刺出血治热病,昏迷。"
商阳,刺灸法,浅刺0.1寸，或点刺出血。
商阳,附注,手阳明经所出为“井”。
二间,拼音,èrjiān
二间,定位,微握拳，当手食指本节（第２掌指关节）前桡侧凹陷中。
二间,解剖,有指屈浅、深肌腱；有来自桡动脉的指背及掌侧动、静脉，布有桡神经的指背侧固有神经，正中神经的指掌侧固有神经。
二间,主治,"目昏，鼻衄，齿痛，口歪，咽喉肿痛,热病。"
二间,配伍,配合谷治齿痛。
二间,刺灸法,直刺0.2～0.3寸。
二间,附注,手阳明经所溜为“荥”。
三间,拼音,Sānjiān
三间,定位,微握拳，在手食指本节（第2掌指关节）后，桡侧凹陷处
三间,解剖,有第一骨间背侧肌，深层为拇内收肌横头；有手背静脉网（头静脉其示部），指掌侧有固有动脉；布有桡神经浅支。
三间,主治,咽喉肿痛，牙痛，腹胀，眼痛，肠泻，洞泄
三间,配伍,目中漠漠，即寻攒竹、三间。
三间,刺灸法,直刺0.3～0.5寸。
三间,附注,手阳明经所注为“输”
合谷,拼音,Hégǔ
合谷,定位,在手背，第1、2掌骨间，当第2掌骨桡侧的中点处。便取穴：以一手的拇指指骨关节横纹，放在另一手拇、食指之间的指蹼缘上，当拇指尖下是穴
合谷,解剖,"在第一、二掌骨之间，第一骨间背侧肌中，深层有拇收肌横头；有手背静脉网,为头静脉的起部，腧穴近侧正当桡动脉从手背穿向手掌之处；布有桡神经浅支的掌背侧神经，深部有正中神经的指掌侧固有神经。"
合谷,主治,"头痛，目赤肿痛，鼻衄，齿痛，牙关紧闭，口眼歪斜，耳聋，痄腮，咽喉肿痛,热病无汗，多汗，腹痛，便秘，经闭，滞产。"
合谷,配伍,"配太阳治头痛;配太冲治目赤肿痛;配迎香治鼻疾；配少商治咽喉肿痛;配三阴交治经闭,滞产;配地仓颊车治眼歪斜。"
合谷,刺灸法,直刺0.5～1寸。
合谷,附注,（1）手阳明经所过为“原”。（2）《神应经》：孕妇不宜针。别名：虎口。
阳溪,拼音,Yángxī
阳溪,定位,在腕背横纹桡侧，手拇指向上翘时，当拇短伸肌腱与拇长伸肌腱之间的凹陷中。
阳溪,解剖,当拇短、长伸肌腱之间；有头静脉、桡动脉的腕背支；布有桡神经浅支。
阳溪,主治,头痛，目赤肿痛，耳聋，耳鸣，齿痛，咽喉肿痛，手腕痛。
阳溪,配伍,配合谷治头痛。
阳溪,刺灸法,直刺0.5～0.8寸。
阳溪,附注,手阳明经所行为“经”。
偏历,拼音,Piānlì
偏历,定位,屈肘，在前臂背面桡侧，当阳溪与曲池连线上，腕横纹上3寸处。
偏历,解剖,在桡骨远端，桡侧腕伸肌腱与拇长展肌腱之间；有头静脉；掌侧为前臂外侧皮神经和桡神经浅支，背侧为前臂背侧皮神经和前臂骨间背侧神经。
偏历,主治,目赤，耳鸣，鼻衄，喉痛，手臂酸痛，水肿。
偏历,配伍,配曲池治手臂疼痛。
偏历,刺灸法,直刺或斜刺0.5～0.8寸。
偏历,附注,手阳明经络穴。
温溜,拼音,Wēnliū
温溜,定位,屈肘，在前臂背面桡侧，当阳溪与曲池连线上，腕横纹上5寸处。
温溜,解剖,在桡侧腕伸肌肌腹与拇长展肌之间；有桡动脉分支及头静脉；布有前臂背侧皮神经与桡神经深支。
温溜,主治,头痛，面肿，咽喉肿痛，疔疮，肩背酸痛，肠鸣腹痛。
温溜,配伍,配合谷治头痛。
温溜,刺灸法,直刺0.5～1寸。
温溜,附注,手阳明经郄穴。
下廉,拼音,Xiàlián
下廉,定位,在前臂背面桡侧，当阳溪与曲池连线上，肘横纹下4寸处。
下廉,解剖,在桡骨的桡侧，桡侧有腕伸短肌及腕伸长肌，深层有旋后肌；有桡动脉分支；布有前臂背侧皮神经及桡神经深支。
下廉,主治,头痛，眩晕，目痛，肘臂痛，腹胀，腹痛。
下廉,配伍,"配足三里治腹胀,腹痛。"
下廉,刺灸法,直刺0.5～1寸。
上廉,拼音,Shànglián
上廉,定位,在前臂背面桡侧，当阳溪与曲池连线上，肘横纹下３寸处。
上廉,解剖,在桡侧腕伸肌肌腹与拇长展肌之间；有桡动脉分支及头静脉；布有前臂背侧皮神经与桡神经深支。
上廉,主治,头痛，肩膊酸痛，半身不遂，手臂麻木，肠鸣腹痛。
上廉,配伍,配曲池治手臂麻木。
上廉,刺灸法,直刺0.5～1寸。
手三里,拼音,Shǒusānlǐ
手三里,定位,在前臂背面桡侧，当阳溪与曲池连线上，肘横纹下２寸处。
手三里,解剖,肌肉、神经同下廉穴，血管为桡返动脉的分支。
手三里,主治,齿痛颊肿，上肢不遂，腹痛，腹泻。
手三里,配伍,配曲池治上肢不遂。
手三里,刺灸法,直刺0.8～1.2寸。
曲池,拼音,Qūchí
曲池,定位,在肘横纹外侧端，屈肘，当尺泽与肱骨外上髁连线中点。
曲池,解剖,"桡侧腕长伸肌起始部，肱桡肌的挠侧；有桡返动脉的分支；布有前臂背侧皮神经,内侧深层为桡神经本干。"
曲池,主治,咽喉肿痛，齿痛，目赤痛，瘰疬，瘾疹，热病上肢不遂，手臂肿痛，腹痛吐泻，高血压，癫狂。
曲池,配伍,"配血海,足三里治瘾疹；配手三里治上肢不遂；配太冲、大椎治高血压。"
曲池,刺灸法,直刺1～1.5寸。
曲池,附注,（1）手阳明经所入为“合”。（2）参考资料：据报道，在犬阑尾壁内直接注射B-链球菌和金黄色葡萄球菌的混合菌液以引起实验性阑尾炎，用强刺激手法针刺“曲池”和“阑尾”穴，证明对实验性阑尾炎有肯定的治疗作用。
肘s,拼音,Zhǒuliáo
肘s,定位,在臂外侧，屈肘，曲池上方1寸，当肱骨边缘处。
肘s,解剖,在桡骨外上髁上缘肱肌起始部，肱三头肌外缘；有桡侧副动脉；布有前臂背侧皮神经及桡神经。
肘s,主治,肘臂部痪痛，麻木，挛急。
肘s,配伍,配曲池治肘臂疾病。
肘s,刺灸法,直刺0.5～1寸。
手五里,拼音,Shǒuwǔlǐ
手五里,定位,在臂外侧，当曲池与肩k连线上，曲池上3寸处。
手五里,解剖,在肱骨桡侧，为肱桡肌起点，外侧为肱三头肌前缘；稍深为桡侧副动脉；布有前臂背侧皮神经，深层内侧为桡神经。
手五里,主治,肘臂挛痛，瘰疬。
手五里,配伍,配曲池治肘臂挛痛。
手五里,刺灸法,避开动脉，直刺0.5～1寸。
臂,拼音,Bìnào
臂,定位,在臂外侧，三角肌止点处，当曲池与肩k连线上，曲池上七寸处。
臂,解剖,在肱骨桡侧，三角肌下端，肱三头肌外侧头的前缘；有旋肱后动脉的分支及肱深动脉；布有前臂背侧皮神经，深层有桡神经本干。
臂,主治,肩臂痛，颈项拘挛，瘰疬，目疾。
臂,配伍,配光明治目疾。
臂,刺灸法,直刺或向上斜刺0.8～1.5寸。
肩k,拼音,Jiānyú
肩k,定位,在臂外侧，三角肌上，臂外展，或向前平伸时，当肩峰前下方向凹陷处。
肩k,解剖,有旋肱后动、静脉；布有锁骨上神经，腋神经。
肩k,主治,肩臂挛痛不遂，瘾疹，瘰病。
肩k,配伍,配肩s治肩臂疼痛。
肩k,刺灸法,直刺或向下斜刺0.8～1.5寸。
肩k,附注,手阳明经与阳跷脉交会穴。
巨骨,定位,在肩上部，当锁骨肩峰端与肩胛冈之间凹陷处。
巨骨,解剖,在斜方肌与冈上肌中;深层有肩胛上动、静脉；布有锁骨上神经分支，副神经分支，深层有肩胛上神经。
巨骨,主治,肩臂挛痛不遂，瘰疬，瘿气。
巨骨,配伍,配肩k，肩s治肩痛。
巨骨,刺灸法,直刺，微斜向外下方，进针0.5～1寸。
巨骨,附注,手阳明经与阳跷脉交会穴。
天鼎,拼音,Tiāndǐng
天鼎,定位,在颈外侧部，胸锁乳突肌后缘，当结喉旁，扶突与缺盆连线中点。
天鼎,解剖,在胸锁乳突肌下部后缘，浅层为颈阔肌，深层为中斜角肌起点；有颈外浅静脉;为副神经、颈皮神经在胸锁乳突肌后缘穿出处，深层为膈神经的起点。
天鼎,主治,暴喑气梗，咽喉肿痛，瘰疬，瘿气。
天鼎,配伍,配少商治咽喉肿痛。配合谷治瘿气。
天鼎,刺灸法,直刺0.5～0.8寸。
扶突,拼音,Fútū
扶突,定位,在颈外侧部，结喉旁，当胸锁乳突肌前、后缘之间。
扶突,解剖,在胸锁乳突肌胸骨头间颈阔肌中，深层为肩胛提肌起始点；深层内侧有颈升动脉；布有耳大神经，颈皮神经，枕小神经及副神经。
扶突,主治,咳嗽，气喘，咽喉肿痛，暴喑，瘰疬，瘿气。
扶突,配伍,配合谷治瘿气。
扶突,刺灸法,直刺0.5～0.8寸。
口禾s,拼音,KǒuHéLiáo
口禾s,定位,在上唇部，鼻孔外缘直下，平水沟穴。
口禾s,解剖,在上颌骨犬齿窝部，上唇方肌止端；有面动、静脉的上唇支；布有面神经、三叉神经第二支下支与眶下神经的吻合丛。
口禾s,主治,"鼻塞，鼽衄,口歪，口噤。"
口禾s,刺灸法,直刺或斜刺0.3～0.5寸。
迎香,拼音,Yíngxiāng
迎香,定位,在鼻翼外缘中点旁，当鼻唇沟中间。
迎香,解剖,在上唇方肌中，深部为梨状孔的边缘;有面动、静脉及眶下动、静脉分支；布有面神经与眶下神经的吻合丛。
迎香,主治,鼻塞，鼽衄，口歪，面痒，胆道蛔虫症。
迎香,刺灸法,斜刺或平刺0.3～0.5寸。
迎香,附注,（1）手、足阳明经交会穴。（2）《外台》：不宜灸。
承泣,拼音,Chéngqì
承泣,定位,在面部，瞳孔直下，当眼球与眶下缘之间。
承泣,解剖,在眶下缘上方，眼轮匝肌中，深层眶内有眼球下直肌，下斜肌；有眶下动、静脉分支，眼动、静脉的分支；布有眶下神经分支及动眼神经下支的肌支，面神经分支。
承泣,主治,目赤肿痛，流泪，夜盲，眼睑（目闰）动，口眼歪斜。
承泣,配伍,"配太阳治目赫肿痛,配阳白治口眼歪斜。"
承泣,刺灸法,以左手拇指向上轻推眼球，紧靠眶缘缓慢直刺0.5～1.5寸，不宜提插，以防刺破血管引起血肿。
承泣,附注,足阳明经、阳跷、任脉交会穴。
四白,拼音,Sìbái
四白,定位,在面部，瞳孔直下，当眶下孔凹陷处。
四白,解剖,在眶下孔处，当眼轮匝肌和上唇方肌之间；有面动、静脉分支，眶下动、静脉有面神经分支，当眶下神经处。
四白,主治,"目赤痛痒，目翳,眼睑（目闰）动，口眼歪斜，头痛眩晕。"
四白,配伍,"配阳白,地仓,颊车,合谷治口眼歪斜;配攒竹治眼睑（目闰）动。"
四白,刺灸法,直刺或斜刺0.3～0.5寸不可深刺。
巨s,拼音,Jù1iáo
巨s,定位,在面部，瞳孔直下，平鼻翼下缘处，当鼻唇沟外侧。
巨s,解剖,浅层为上唇方肌，深层为犬齿肌；有面动、静脉及眶下动、静脉；布有面神经及眶下神经的分支。
巨s,主治,口眼歪斜，眼睑（目闰）动，鼻衄，齿痛，唇颊肿。
巨s,配伍,"配合谷治齿痛；配地仓,颊车治口歪。"
巨s,刺灸法,斜刺或平刺0.3～0.5寸。
巨s,附注,足阳明胃经与阳跷脉交会穴。
地仓,拼音,Dìcāng
地仓,定位,在面部，口角外侧，上直对瞳孔。
地仓,解剖,在口轮匝肌中，深层为颊肌;有面动、静脉；布有面神经和眶下神经分支，深层为颊肌神经的末支。
地仓,主治,口歪，流涎，眼睑（目闰）动。
地仓,配伍,配颊车、合谷、治口歪、流涎。
地仓,刺灸法,斜刺或平刺0.5～0.8寸。
地仓,附注,手足阳明经，阳跷脉交会穴。
大迎,拼音,Dàyíng
大迎,定位,在下颌角前方，咬肌附着部前缘，当面动脉搏动处。
大迎,解剖,在咬肌附着部前缘;前方有面动、静脉；布有面神经及颊神经。
大迎,主治,口歪，口噤，颊肿，齿痛。
大迎,配伍,配颊车治齿痛。
大迎,刺灸法,避开动脉，斜刺或平刺0.3～0.5寸。
颊车,拼音,Jiáchē
颊车,定位,在面颊部，下颌角前上方约１横指（中指），当咀嚼时咬肌隆起，按之凹陷处。
颊车,解剖,在下颌角前方，有咬肌；有咬肌动、静脉;布有耳大神经，面神经及咬肌神经。
颊车,主治,口歪，齿痛，颊肿，口噤不语。
颊车,配伍,配地仓治口眼歪斜。
颊车,刺灸法,直刺0.3～0.5寸，平刺0.5～1寸。
下关,拼音,Xiàguān
下关,定位,在面部耳前方，当颧弓与下颌切迹所形成的凹陷中。
下关,解剖,当颧弓下缘，皮下有腮腺，为咬肌起始部；有面横动、静脉，最深层为上颌动、静脉；正当面神经颧眶支及耳颞神经分支，最深层为下颌神经。
下关,主治,耳聋，耳鸣，耳，齿痛，口噤，口眼歪斜。
下关,配伍,配翳风治耳疾。
下关,刺灸法,直刺0.5～1寸。
下关,附注,足阳明、足少阳经交会穴。
头维,拼音,Tóuwéi
头维,定位,在头侧部，当额角发际上0.5寸，头正中线旁4.5寸。
头维,解剖,在颞肌上缘帽状腱膜中；有颞浅动、静脉的额支；布有耳额神经的分支及面神经额颖支。
头维,主治,"头痛，目眩，口痛，流泪,眼睑（目闰）动。"
头维,配伍,配合谷治头痛；配太冲治目眩。
头维,刺灸法,平刺0.5～1寸。
头维,附注,（1）足阳明、足少阳经与阳维脉交会穴。（2）《甲乙》禁不可灸。
人迎,拼音,Rényíng
人迎,定位,在颈部，喉结旁，当胸锁乳突肌的前缘，颈总动脉搏动处。
人迎,解剖,有颈阔肌，在胸锁乳突肌前缘与甲状软骨接触部；有甲状腺上动脉；当颈内、外动脉分歧处，有颈前浅静脉，外为颈内静脉；布有颈皮神经，面神经颈支，深层颈动脉球，最深层为交感神经干，外侧有舌下神经降支及迷走神经。
人迎,主治,咽喉肿痛，气喘，瘰疬，瘿气，高血压。
人迎,配伍,配大椎、太冲治高血压。
人迎,刺灸法,避开颈总动脉，直刺0.3～0.8寸。
人迎,附注,（1）足阳明、足少阳经交会穴。（2）《甲乙》：禁不可灸。
水突Shǔitū,定位,在颈部，胸锁乳突肌的前缘，当人迎与气舍连线的中点。
水突Shǔitū,解剖,有颈阔肌，在甲状软骨外侧，胸锁乳突肌与肩胛舌骨肌上腹的交叉点；外侧为颈总动脉；布有颈皮神经，深层为交感神经发出的心上神经及交感干。
水突Shǔitū,主治,咽喉肿痛，咳嗽，气喘。
水突Shǔitū,配伍,配天突治咳嗽、气喘。
水突Shǔitū,刺灸法,直刺0.3～0.8寸。
气舍,拼音,Qìshě
气舍,定位,在颈部，当锁骨内侧端的上缘，胸锁乳突肌的胸骨头与锁骨头之间。
气舍,解剖,有颈阔肌，胸锁乳突肌起始部；有颈前浅静脉，深部为颈总动脉；布有锁骨上神经前支，舌下神经的分支。
气舍,主治,"咽喉肿病，气喘，呃逆，瘿瘤,瘰疬，颈项强。"
气舍,配伍,配水突治瘿瘤。
气舍,刺灸法,直刺0.3～0.5寸。
气舍,附注,本经气舍至乳根诸穴，深部有大动脉及肺、肝等重要脏器。不可深刺。
缺盆,拼音,Qūepén
缺盆,定位,在锁骨上窝中央，距前正中线4寸。
缺盆,解剖,在锁骨上窝之中点，有颈阔肌，肩胛舌骨肌；上方有颈横动脉；布有锁骨上神经中支，深层正当肩丛的锁骨上部。
缺盆,主治,咳嗽，气喘，咽喉肿痛，缺盆中痛，瘰疬。
缺盆,配伍,配肺俞治咳嗽。
缺盆,刺灸法,直刺或斜刺0.3～0.5寸。
缺盆,附注,《图翼》：孕妇禁针。
气户,拼音,Qìhù
气户,定位,在胸部，当锁骨中点下缘，距前正中线4寸。
气户,解剖,在锁骨下方，胸大肌起始部，深层上方的锁骨下肌；有胸肩峰动、静脉分支，外上方为锁骨下静脉；为锁骨上神经，胸前神经分支分布处。
气户,主治,咳嗽，气喘，呃逆，胸胁支满，胸痛。
气户,配伍,配肺俞治咳喘。
气户,刺灸法,斜刺或平刺0.5～0.8寸。
库房,拼音,Kùfáng
库房,定位,在胸部，当第１肋间隙，距前正中线4寸。
库房,解剖,在第一肋间隙有胸大肌、胸小肌，深层为肋间内、外肌，有胸肩峰动、静减及胸外侧动、静脉分支；布有胸前神经分支。
库房,主治,咳嗽，气喘，咳唾脓血，胸肋胀痛。
库房,配伍,配屋翳治胸肋胀痛。
库房,刺灸法,斜刺或平刺0.5～0.8寸。
屋翳,拼音,Wūyì
屋翳,定位,在胸部，当第２肋间隙，距前正中线4寸。
屋翳,解剖,在第二肋间隙，有胸大肌，胸小肌，深层为肋间内外肌；有胸肩峰动、静脉分支；布有胸前神经分支。
屋翳,主治,咳嗽，气喘，咳唾脓血，胸肋胀痛，乳痈。
屋翳,配伍,配天宗治乳痈。
屋翳,刺灸法,斜刺或平刺0.5～0.8寸。
膺窗,拼音,Yìngchuāng
膺窗,定位,在胸部，当第３肋间隙，距前正中线4寸。
膺窗,解剖,第三肋间隙，有胸大肌，深层为肋间内、外肌；有胸外侧动、静脉；布有胸前神经分支。
膺窗,主治,咳嗽，气喘，胸肋胀痛，乳痈。
膺窗,配伍,配屋翳治乳痈。
膺窗,刺灸法,斜刺或平刺0.5～0.8寸。
乳中,拼音,Rǔzhōng
乳中,定位,在胸部，当第４肋间隙，乳头中央，距前正中线４寸。
乳中,附注,本穴不针不灸，只作胸腹部腧穴的定位标志。
乳根,拼音,Rǔgēn
乳根,定位,在胸部，当乳头直下，乳房根部，当第５肋间隙，距前正中线４寸。
乳根,解剖,在第五肋间隙，胸大肌下部，深层有肋间内、外肌；有肋间动脉，胸壁浅静脉；有第五肋间神经外侧皮支，深层为肋间神经干。
乳根,主治,咳嗽，气喘，呃逆，胸痛，乳痈，乳汁少。
乳根,配伍,配少泽、膻中治乳痈；配少泽、足三里治乳少。
乳根,刺灸法,斜刺或平刺0.5～0.8寸。
不容,拼音,Bùróng
不容,定位,在上腹部，当脐中上６寸，距前正中线２寸。
不容,解剖,当腹直肌及其鞘处，探层为腹横肌；有第七肋间动、静脉分支及腹壁上动、静脉；当第七肋间神经分支处。
不容,主治,呕吐，胃病，食欲不振，腹胀。
不容,配伍,配中脘治胃病。
不容,刺灸法,直刺0.5～0.8寸。
承满,拼音,Chéngmǎn
承满,定位,在上腹部，当脐中上５寸，距前正中线２寸。
承满,解剖,当腹直肌及其鞘处，深层为腹横肌；有第七肋间动、静脉分支及腹壁上动、静脉;分布；当第七肋间神经分支处。
承满,主治,胃痛，吐血，食欲不振，腹胀。
承满,配伍,配足三里治胃痛。
承满,刺灸法,直刺0.8～1寸。
梁门,拼音,Liángmén
梁门,定位,在上腹部，当脐中上４寸，距前正中线２寸。
梁门,解剖,当腹直肌及其鞘处，深层为腹横肌；有第七肋间动、静脉分支及腹壁上动、静脉；当第八肋间神经分支处（右侧深部当肝下缘，胃幽门部）。
梁门,主治,胃痛，呕吐，食欲不振，腹胀，泄泻。
梁门,配伍,配梁丘、中脘、足三里治胃痛。
梁门,刺灸法,直刺0.8～1.2寸。
关门,拼音,Guānmén
关门,定位,在上腹部，当脐中上３寸，距前正中线2寸。
关门,解剖,当腹直肌及其鞘处；有第八肋间动、静脉分支及腹壁上动、静脉分支；布有第八肋间神经分支（内部为横结肠）。
关门,主治,腹胀，腹痛，肠鸣泄泻，水肿。
关门,配伍,配足三里、水分治肠鸣腹泻。
关门,刺灸法,直刺0.8～1.2寸。
太乙,拼音,Tàiyǐ
太乙,定位,在上腹部，当脐中上２寸，距前正中线２寸。
太乙,解剖,当腹直肌及其鞘处；有第八肋间动、静脉分支及其腹壁下动、静脉分支；布有第八肋间神经分支（内部为横结肠）。
太乙,主治,胃病，心烦，癫狂。
太乙,配伍,配中脘治胃痛。
太乙,刺灸法,直刺0.8～1.2寸。
滑肉门,拼音,Huáròumén
滑肉门,定位,在上腹部，当脐中上１寸，距前正中线２寸。
滑肉门,解剖,当腹直肌及其鞘处；有第九肋间动、静脉分支及腹壁下动、静分支；布有第九肋间神经分支（内部为小肠）。
滑肉门,主治,胃痛，呕吐，癫狂。
滑肉门,配伍,配足三里治胃痛。
滑肉门,刺灸法,直刺0.8～1.2寸。
天枢,拼音,Tiānshū
天枢,定位,在腹中部，平脐中，距脐中２寸。
天枢,解剖,当腹直肌及其鞘处；有第九肋间动、静脉分支及腹壁下动、静脉分支；布有第十肋间神经分支（内部为小肠）。
天枢,主治,腹胀肠鸣，绕脐痛，便秘，泄泻，痢疾，月经不调。
天枢,配伍,配足三里治腹胀肠鸣；配气海治绕脐痛；配上巨虚，下巨虚治便秘、泄泻。
天枢,刺灸法,直刺1～1.5寸。
天枢,附注,（1）大肠的募穴；（2）《千金》孕妇不可灸。
外陵,拼音,Wàilíng
外陵,定位,在下腹部，当脐中下１寸，距前正中线２寸。
外陵,解剖,当腹直肌及其鞘处；布有第十肋间动、静脉分支及腹壁下动、静脉分支；布有第十肋间神经分支（内部为小肠）。
外陵,主治,腹痛，疝气，痛经。
外陵,配伍,配子宫、三阴交治痛经。
外陵,刺灸法,直刺1～1.5寸。
大巨,拼音,Dàjù
大巨,定位,在下腹部，当脐中下２寸，距前正中线２寸。
大巨,解剖,当腹直肌及其鞘处；有第十一肋间动、静脉分支，外侧为腹壁下动、静脉；布有第十一肋间神经（内部为小肠）。
大巨,主治,小腹胀满，小便不利，疝气，遗精，早泄。
大巨,配伍,配中极、次s治小便不利。
大巨,刺灸法,直刺1～1.5寸。
水道,拼音,ShuǐDào
水道,定位,在下腹部，当脐中下３寸，距前正中线２寸。
水道,解剖,当腹直肌及其鞘处；有第十二肋间动、静脉分支，外侧为腹壁下动、静脉；布有第十二肋间神经（内部为小肠）。
水道,主治,小腹胀满，小便不利，痛经，不孕，疝气。
水道,配伍,配三阴交、中极治痛经、不孕。
水道,刺灸法,直刺1～1.5寸。
归来,拼音,Guīlái
归来,定位,在下腹部，当脐中下４寸，距前正中线２寸。
归来,解剖,在腹直肌外缘，有腹内斜肌，腹横肌腱膜；外侧有腹壁下动、静脉；布有髂腹下神经。
归来,主治,腹痛，疝气，月经不调，白带，阴挺。
归来,配伍,配大敦治疝气；配三阴交、中极治月经不调。
归来,刺灸法,直刺1～1.5寸。
气冲,拼音,Qìchōng
气冲,定位,在腹股沟稍上方，当脐中下５寸，距前正中线２寸。
气冲,解剖,在耻骨结节外上方，有腹外斜肌腱膜，在腹内斜肌、腹膜肌下部；有腹壁浅动、静脉分支，外壁为腹壁下动、静脉；布有髂腹股沟神经。
气冲,主治,肠鸣腹痛，疝气，月经不调，不孕，阳萎，阴肿。
气冲,配伍,配气海治肠鸣腹痛。
气冲,刺灸法,直刺0.5～1寸。
气冲,附注,冲脉所起。
髀关,拼音,Bìguān
髀关,定位,在大腿前面，当髂前上棘与髌底外侧端的连线上，屈髋时，平会阴，居缝匠肌外侧凹陷处。
髀关,解剖,在缝匠肌和阔筋膜张肌之间；深层有旋股外侧动、静脉分支；布有股外侧皮神经。
髀关,主治,腰痛膝冷，痿痹，腹痛。
髀关,配伍,配伏免治痿痹。
髀关,刺灸法,直刺1～2寸。
伏兔,拼音,Fútù
伏兔,定位,在大腿前面，当髂前上棘与髌底外侧外侧端的连线上，髌底上６寸。
伏兔,解剖,在股直肌的肌腹中有旋股外侧动、静脉分支；布有股前皮神经，股外侧皮神经。
伏兔,主治,腰痛膝冷，下肢麻痹，疝气，脚气。
伏兔,配伍,配髀关、阳陵泉治下肢痿痹。
伏兔,刺灸法,直刺1～2寸。
阴市,拼音,Yīnshì
阴市,定位,在大腿前面，当髂前上棘与髌底外侧端的连线上，髌底上３寸。
阴市,解剖,在股直肌和股外侧肌之间；有旋股外侧动脉降支；布有股前皮神经，股外侧皮神经。
阴市,主治,腿膝痿痹，屈伸不利、疝气，腹胀腹痛。
阴市,配伍,配足三里、阳陵泉治腿膝痿痹。
阴市,刺灸法,直刺1～1.5寸。
梁丘,定位,屈膝，大腿前面，当髂前上棘与髌底外侧端的连线上，髌底上２寸。
梁丘,解剖,在股直肌和股外侧肌之间；有旋股外侧动脉降支；布有股前皮神经，股外侧皮神经。
梁丘,主治,膝肿痛，下肢不遂，胃痛，乳痈，血尿。
梁丘,配伍,配足三里、中脘治胃痛。
梁丘,刺灸法,直刺1～1.2寸。
梁丘,附注,足阳明经郄穴。
犊鼻,拼音,Dúbí
犊鼻,定位,屈膝，在膝部，髌骨与髌韧带外侧凹陷中。
犊鼻,解剖,在髌韧带外缘；有膝关节动、静脉网；布有腓肠外侧皮神经及腓总神经关节支。
犊鼻,主治,膝痛，下肢麻痹，屈伸不利，脚气。
犊鼻,配伍,配阳陵泉、足三里治膝痛。
犊鼻,刺灸法,向后内斜刺0.5～1寸。
足三里,拼音,Zúsānlǐ
足三里,定位,在小腿前外侧，当犊鼻下３寸，距胫骨前缘一横指（中指）。
足三里,解剖,在胫骨前肌，趾长伸肌之间；有胫前动、静脉；为腓肠外侧皮神经及隐神经的皮支分布处，深层当腓深神经。
足三里,主治,胃痛，呕吐，噎膈，腹胀，泄泻，痢疾，便秘，乳痈，肠痈，下肢痹痛，水肿，癫狂，脚气，虚劳赢瘦。
足三里,配伍,配中脘、梁丘治胃痛；配内关治呕吐；配气海治腹胀；配膻中、乳根治乳痛；配阳陵泉、悬钟治下肢痹痛；常灸天里可养志保健。
足三里,刺灸法,直刺1～2寸。
足三里,附注,（1）足阳明经所人为“合”。（2）本穴有强壮作用，为保健要穴。（3）参考资料：1、据报道，针刺健康人和胃病患者的足三里和手三里，观察发现胃弛缓时针刺使收缩加强，胃紧张时变为弛缓，并可解除幽门痉挛。2、据报道，针刺单纯性消化不良和中毒性消化不良患儿的足三里、合谷、三阴交，可使原来低下的胃游离酸、总酸度、胃蛋白酶和胃脂肪酶活性迅速升高。3、据报道：针刺人及家兔的足三里，发现裂解素（主要是裂解含有大量多糖体的革兰氏阴性杆菌，也能灭活某些病毒）都有增加，人增加17.85单位，兔增加62.1单位，两者均在针后12小时增加最显。4、据报道：针刺家兔的“足三里’、“大推”可使其调理素明显增加，从而促进白细胞吞噬指数的上升，增强其免疫能力。
上巨虚,定位,在小腿前外侧，当犊鼻下６寸，距胫骨前缘一横指（中指）。
上巨虚,解剖,在胫骨前肌中；有胫前动、静脉；布有腓肠外侧皮神经及隐神经的皮支，深层当腓深神经。
上巨虚,主治,肠鸣，腹痛，泄泻，便秘，肠痈，下肢痿痹，脚气。
上巨虚,配伍,配足三里、气海治便秘、泄泻。
上巨虚,刺灸法,直刺1～2寸。
上巨虚,附注,大肠经下合穴。
条口,定位,在小腿前外侧，当犊鼻下８寸，距胫骨前缘一横指（中指）。
条口,解剖,在胫骨前肌中；有胫前动、静脉；布有腓肠外侧皮神经及隐神经的皮支，深层当腓深神经。
条口,主治,脘腹疼痛，下肢痿痹，转筋，跗肿，肩臂痛。
条口,配伍,配肩k、肩s、治肩臂痛。
条口,刺灸法,直刺1～1.5寸。
下巨虚,定位,在小腿前外侧，当犊鼻下９寸，距胫骨前缘一横指（中指）。
下巨虚,解剖,在胫骨前肌与趾长伸肌之间，深层为胫长伸肌；有胫前动、静脉；布有腓浅神经分支，深层为腓深神经。
下巨虚,主治,小腹痛，泄泻，痢疾，乳痈，下肢痿痹。
下巨虚,配伍,配天枢、气海治腹痛。
下巨虚,刺灸法,直刺1～1.5寸。
下巨虚,附注,小肠经下合穴。
丰隆,拼音,Fēnglóng
丰隆,定位,在小腿前外侧，当外踝尖上８寸，条口外，距胫骨前缘二横指（中指）。
丰隆,解剖,在趾长伸肌外侧和腓骨短肌之间；有胫前动脉分支；当腓浅神经处。
丰隆,主治,头痛，眩晕，痰多咳嗽，呕吐，便秘，水肿，癫狂痛，下肢痿痹。
丰隆,配伍,配风池治眩晕；配膻中、肺俞治痰多咳嗽。
丰隆,刺灸法,直刺1～1.5寸。
丰隆,附注,足阳明经络穴。
解溪,定位,在足背与小腿交界处的横纹中央凹陷处，当拇长伸肌踺与趾长伸肌腱之间。
解溪,解剖,在拇长伸肌膜与趾长伸肌胫之间；有胫前动、静脉；浅部当腓浅神经，深层当腓深神经。
解溪,主治,头痛，眩晕，癫狂，腹胀，便秘，下肢痿痹。
解溪,配伍,配阳陵泉、悬钟治下肢痿痹。
解溪,刺灸法,直刺0.5～1寸。
解溪,附注,足阳明经所行为“经”。
冲阳,定位,在足背最高处，当拇长伸肌腱和趾长伸肌腱之间，足背动脉搏动处。
冲阳,解剖,在趾长伸肌腱外侧；有足背动、静脉及足背静脉网；当腓浅神经的足背内侧皮神经第二支本干处，深层为腓深神经。
冲阳,主治,口眼歪斜，面肿，齿痛，癫狂痫，胃病，足痿无力。
冲阳,配伍,配大椎、丰隆治癫狂痫。
冲阳,刺灸法,避开动脉，直刺0.3～0.5寸。
冲阳,附注,足阳明经所过为“原”。
陷谷,拼音,Xiàngǔ
陷谷,定位,在足背，当第2、3跖骨结合部前方凹陷处。
陷谷,解剖,有第二跖骨间肌；有足背静脉网；布有足背内侧皮神经。
陷谷,主治,面目浮肿，水肿，肠鸣腹痛，足背肿痛。
陷谷,配伍,陷谷、上星、囟会、前顶、公孙、治卒面肿。
陷谷,刺灸法,直刺0.3～0.5寸；可灸。
陷谷,附注,足阳明经所注为“输”。
内庭,拼音,Nèitíng
内庭,定位,在足背当第２、３跖骨结合部前方凹陷处。
内庭,解剖,有足背静脉网；布有腓浅神经足背支。
内庭,主治,齿痛，咽喉肿病，口歪，鼻衄，胃病吐酸，腹胀，泄泻，痢疾，便秘，热病，足背肿痛。
内庭,配伍,配合谷治齿痛；配地仓颊车治口歪。
内庭,刺灸法,直刺或斜刺0.5～0.8寸。
内庭,附注,足阳明经所溜为“荥”。
厉兑,拼音,Lìduì
厉兑,定位,在足第２趾末节外侧，距趾甲角０.１寸。
厉兑,解剖,有趾背动脉形成的动脉网；布有腓浅神经的足背支。
厉兑,主治,鼻衄，齿痛，咽喉肿痛，腹胀，热病，多梦，癫狂。
厉兑,配伍,配内关、神门治多梦。
厉兑,刺灸法,浅刺0.1寸。
厉兑,附注,足阳明经所出为“井”。
隐白,拼音,Yǐnbái
隐白,定位,在足大趾末节内侧，距趾甲角0.1寸。
隐白,解剖,有趾背动脉；为腓浅神经的足背支及足底内侧神经。
隐白,主治,腹胀，便血，尿血，月经过多，崩漏，癫狂，多梦，惊风。
隐白,配伍,配地机、三阴交治疗出血症。
隐白,刺灸法,浅刺0.1寸。
隐白,附注,足太阴经所出为“井”。
大都,拼音,Dàdū
大都,定位,在足内侧缘，当足大趾本节（第１跖趾关节）前下方赤白肉际凹陷处。
大都,解剖,在拇展肌止点；有足底内侧动、静脉的分支；布有足底内侧神经的趾底固有神经。
大都,主治,腹胀，胃痛，呕吐，泄泻，便秘，热病。
大都,配伍,配足三理治腹胀。
大都,刺灸法,直刺0.3～0.5寸。
大都,附注,足太阴经所溜为“荥”。
太白,拼音,Tàibái
太白,定位,在足内侧缘，当足大趾本节（第1跖骨关节）后下方赤白肉际凹陷处。
太白,解剖,在拇展肌中；有足背静脉网，足底内侧动脉及足跗内侧动脉分支；布有隐神经及腓浅神经分支。
太白,主治,胃痛，腹胀，肠鸣，泄泻，便秘，痔漏，脚气，体重节痛。
太白,配伍,配中脘、足三里治胃痛。
太白,刺灸法,直刺0.5～0.8寸。
太白,附注,足太阴经所注为“输”；脾经原穴。
公孙,拼音,Gōngxūn
公孙,定位,在足内侧缘，当第一跖骨基底部的前下方。
公孙,解剖,在拇展肌中；有跗内侧动脉分支及足背静脉网；布有隐神经及腓浅神经分支。
公孙,主治,胃痛，呕吐，腹痛，泄泻，痢疾。
公孙,配伍,配中脘、内关治胃酸过多、胃痛。
公孙,刺灸法,直刺0.6～1.2寸。
公孙,附注,足太阴经络穴；八脉交会穴之一，通于冲脉。
商丘,拼音,Shāngqiū
商丘,定位,在足内踝前下方凹陷中，当舟骨结节与内踝尖连线的中点处。
商丘,解剖,有跗内侧动脉，大隐静脉；布有隐神经及腓浅神经分支丛。
商丘,主治,腹胀，泄泻，便秘，黄疸，足踝痛。
商丘,配伍,配气海、足三里治腹胀肠鸣。
商丘,刺灸法,直刺0.5～0.8寸。
商丘,附注,足太阴经所行为“经”。
三阴交,拼音,Sānyīnjiāo
三阴交,定位,在小腿内侧，当足内踝尖上3寸，胫骨内侧缘后方。
三阴交,解剖,在胫骨后缘和比目鱼肌之间，深层有屈趾长肌；有大隐静脉，胫后动、静脉；有小腿内侧皮神经，深层后方有胫神经。
三阴交,主治,肠鸣腹胀，泄泻，月经不调，带下，阴挺，不孕，滞产，遗精，阳萎，遗尿，疝气，失眠，下肢痿痹，脚气。
三阴交,配伍,配足三里治肠鸣泄泻；配中极治月经不调；配子宫治疗阴挺；配大敦治疝气；配内关、神门治失眠。
三阴交,刺灸法,直刺1～1.5寸。
三阴交,附注,（1）足太阴、少阴、厥阴经交会穴。（2）孕妇禁针。
漏谷,拼音,Lòugǔ
漏谷,定位,在小腿内侧，当内踝尖与阴陵泉的连线上，距内踝尖6寸，胫骨内侧缘后方。
漏谷,解剖,在胫骨后缘与比目鱼肌之间，深层有屈趾长肌；有大隐静脉，肢后动、静脉；有小腿内侧皮神经，深层内侧后方有胫神经。
漏谷,主治,腹胀，肠鸣，小便不利，遗精，下肢痿痹。
漏谷,配伍,配足三里治腹胀肠鸣。
漏谷,刺灸法,直刺1～1.5寸。
地机,拼音,Dìjī
地机,定位,在小腿内侧，当内踝尖与阴陵泉的连线上，阴陵泉下3寸。
地机,解剖,在胫骨后缘与比目鱼肌之间；前方有大隐静脉及膝最上动脉的末支，深层有胫后动、静脉；布有小腿内侧皮神经，深层后方有胫神经。
地机,主治,腹痛，泄泻，小便不利，水肿，月经不调，痛经，遗精。
地机,配伍,配三阴交治痛经；配隐白治崩漏。
地机,刺灸法,直刺1～1.5寸。
地机,附注,足太阴经郄穴。
阴陵泉,拼音,Yīnlíngquán
阴陵泉,定位,在小腿内侧，当胫骨内侧踝后下方凹陷处。
阴陵泉,解剖,在胫骨后缘和腓肠肌之间，比目鱼肌起点上；前方有大隐静脉，膝最上动脉，最深层有胫后动、静脉；布有小腿内侧皮神经本干，最深层有胫神经。
阴陵泉,主治,腹胀，泄泻，水肿，黄疸，小便不利或失禁，膝痛。
阴陵泉,配伍,配肝俞、至阳治黄疸；阴陵泉透阳陵泉治膝痛。
阴陵泉,刺灸法,直刺1～2寸。
阴陵泉,附注,足太阴经所人为“合”。
血海,拼音,Xuèhǎi
血海,定位,屈膝，在大腿内侧，髌底内侧端上2寸，当股四头肌内侧头的隆起处。
血海,简便取穴法,患者屈膝，医者以左手掌心按于患者右膝髌骨上缘，二至五指向上伸直，拇指约呈45度斜置，拇指尖下是穴。对侧取法仿此。
血海,解剖,在股骨内上髁上缘，股内侧肌中间；有股动、静脉肌支；布有股前皮神经及股神经肌支。
血海,主治,月经不调，崩漏，经闭，瘾疹，湿疹，丹毒。
血海,配伍,配三阴交治月经不调；配曲池治瘾疹。
血海,刺灸法,直刺1～1.5寸。
箕门Jìmén,定位,在大腿内侧，当血海与冲门连线上，血海上6寸。
箕门Jìmén,解剖,在缝匠肌内侧缘，深层有大收肌；有大隐静脉，深层之外方有股动、静脉；布有股前皮神经，深部有隐神经。
箕门Jìmén,主治,小便不利，遗尿，腹股沟肿痛。
箕门Jìmén,配伍,配太冲腹股沟疼痛。
箕门Jìmén,刺灸法,避开动脉，直刺0.5～1寸。
冲门,拼音,Chōngmén
冲门,定位,在腹股沟外侧，距耻骨联合上缘中点3.5寸，当髂外动脉搏动处的外侧。
冲门,解剖,在腹股沟韧带中点外侧的上方，在腹外斜肌腱膜及内斜肌下部；内侧为股动、静脉；布有股神经。
冲门,主治,腹痛，疝气，崩漏，带下。
冲门,配伍,配大敦治疝气。
冲门,刺灸法,避开动脉，直刺0.5～1寸。
冲门,附注,足太阴、厥阴经交会穴。
府舍,拼音,Fùshě
府舍,定位,在下腹部，当脐中下4寸，冲门上方0.7寸，距前正中线4寸。
府舍,解剖,在腹股沟韧带上方外侧，腹外斜肌腱膜及腹内斜肌下部，深层为腹横肌下部；布有腹壁浅动脉，肋间动、静脉；布有髂腹股沟神经（右当盲肠下部，左当乙状结肠下部）。
府舍,主治,腹痛，疝气，积聚。
府舍,配伍,配气海治腹痛。
府舍,刺灸法,直刺1～1.5寸。
府舍,附注,足太阴、厥阴经与阴维脉交会穴。
腹结,拼音,Fùjié
腹结,定位,在下腹部，大横下1.3寸，距前正中线4寸。
腹结,解剖,在腹内、外斜肌及腹横肌肌部；有第十一肋间动、静脉；布有第十一肋间神经。
腹结,主治,腹痛，泄泻，疝气。
腹结,配伍,配气海、天枢治腹痛。
腹结,刺灸法,直刺1～2寸。
大横,拼音,Dàhéng
大横,定位,在腹中部，距脐中4寸。
大横,解剖,在腹外斜肌肌部及腹横肌肌部；布有第十一肋间动、静脉；布有第十二肋间神经。
大横,主治,泄泻，便秘，腹痛。
大横,配伍,配天枢、足三里治腹痛。
大横,刺灸法,直刺1～2寸。
大横,附注,足太阴与阴维脉交会穴。
腹哀,拼音,Fùāi
腹哀,定位,在上腹部，当脐中上3寸，距前正中线4寸。
腹哀,解剖,在腹内外斜肌及腹横肌肌部；布有第八肋间动、静脉；布有第八肋间神经。
腹哀,主治,消化不良，腹痛，便秘，痢疾。
腹哀,配合,配气海治肠鸣。
腹哀,阴作,直刺1～1.5寸。
腹哀,附注,足太阴与阴维脉交会穴。
食窦,拼音,Shídòu
食窦,定位,在胸外侧部，当第５肋间隙，距前正中线６寸。
食窦,解剖,在第五肋间隙，前锯肌中，深层有肋间内、外肌；布有胸外侧动、静脉，胸腹壁动、静脉；布有第五肋间神经外侧皮支。
食窦,主治,胸胁胀痛，噫气，翻胃，腹胀，水肿。
食窦,配伍,配膻中治胸肋胀痛。
食窦,刺灸法,斜刺或向外平刺0.5～0.8寸。
食窦,附注,本经食窦至大包诸穴，深部为肺脏，不可深刺。
天溪,拼音,Tiānxī
天溪,定位,在胸外侧部，当第４肋间隙，距前正中线６寸。
天溪,解剖,在第四肋间隙，胸大肌外下缘，下层为前锯肌，再深层为肋间内、外肌；有胸外侧动、静脉分支，胸腹壁动、静脉；第四肋间动、静脉；布有第四肋间神经。
天溪,主治,胸胁疼痛，咳嗽，乳痛，乳汁少。
天溪,配伍,配膻中治胸肋疼痛。
天溪,刺灸法,斜刺或向外平刺0.5～0.8寸。
胸乡,拼音,Xiōngxiāng
胸乡,定位,在胸外侧部，当第３肋间隙，距前正中线６寸。
胸乡,解剖,在第三肋间隙，胸大肌、胸小肌外缘，前锯肌中，下层为肋间内、外肌；有胸外侧动、静脉，第三肋间动、静脉；布有第三肋间神经。
胸乡,主治,胸胁胀痛。
胸乡,配伍,配膻中治胸肋胀痛。
胸乡,刺灸法,斜刺或向外平刺0.5～0.8寸。
周荣,拼音,Zhōuróng
周荣,定位,在胸外侧部，当第２肋间隙，距前正中线６寸。
周荣,解剖,在第二肋间隙，胸大肌中，下层为胸小肌，肋间内、外肌；有胸外侧动、静脉，第二肋间动、静脉；布有胸前神经分又，正当第一肋间神经。
周荣,主治,咳嗽，气逆，胸胁胀满。
周荣,配伍,配膻中治胸肋胀满。
周荣,刺灸法,斜刺或向外平刺0.5～0.8寸。
大包,拼音,Dàbāo
大包,定位,在侧胸部，腋中线上，当第６肋间隙处。
大包,解剖,在第六肋间隙，前锯肌中；有胸背动、静脉及第六肋间动、静脉；布有第六肋间神经，当胸长神经直系的末端。
大包,主治,气喘，胸胁病，全身疼痛，四肢无力。
大包,配伍,配足三里治四肢无力。
大包,刺灸法,斜刺或向后平刺0.5～0.8寸。
大包,附注,脾之大络。
极泉,拼音,Jíquán
极泉,定位,在腋窝顶点，腋动脉搏动处。
极泉,解剖,在胸大肌的外下缘，深层为喙肱肌；外侧为腋动脉；布有尺神经，正中神经，前臂内侧皮神经及臂内侧皮神经。
极泉,主治,心痛，咽干烦渴，胁肋疼痛，瘰疬，肩臂疼痛。
极泉,配伍,配肩k、曲池治肩臂痛。
极泉,刺灸法,避开腋动脉，直刺或斜刺0.3～0.5寸。
青灵,拼音,Qīnglíng
青灵,定位,在臂内侧，当极泉与少海的连线上，肘横纹上3寸，肱二头肌的内侧沟中。
青灵,解剖,当肱二头肌内侧沟处，有肱三头肌；有贵要静脉，尺侧上副动脉；布有前臂内侧皮神经，尺神经。
青灵,主治,头痛振寒，目黄，胁痛，肩臂疼痛。
青灵,配伍,配肩k、曲池治肩臂痛。
青灵,刺灸法,直刺0.5～1寸。
少海,拼音,Shàohǎi
少海,定位,屈肘，当肘横纹内侧端与肱骨内上髁连线的中点处。
少海,解剖,有旋前圆肌，肱肌；有贵要静脉，尺侧上下副动脉，尺返动脉；布有前臂内侧皮神经，外前方有正中神经。
少海,主治,心痛，肘臂挛痛，瘰疬，头项痛，腋胁痛。
少海,配伍,配曲池治肘臂挛痛。
少海,刺灸法,直刺0.5～1寸。
少海,附注,手少阴经所人为“合”。
灵道,拼音,Língdào
灵道,定位,在前臂掌侧，当尺侧腕屈肌腱的桡侧缘，腕横纹上1.5寸。
灵道,解剖,在尺侧腕屈肌与指浅屈肌之间，深层为指深屈肌；有尺动脉通过；布有前臂内侧皮神经，尺侧为尺神经。
灵道,主治,心痛，暴喑，肘臂挛痛。
灵道,配伍,配心俞治心痛。
灵道,刺灸法,直刺0.3～0.5寸。
灵道,附注,手少阴经所行为“经”。
通里,拼音,Tōnglǐ
通里,定位,在前臂掌侧，当尺侧腕屈肌腱的桡侧缘，腕横纹上1寸。
通里,解剖,在尺侧腕屈肌与指浅屈肌之间，深层为指深屈肌；有尺动脉通过；布有前臂内侧皮神经，尺侧为尺神经。
通里,主治,心悸，怔仲，暴喑，舌强不语，腕臂痛。
通里,配伍,配廉泉、哑门治不语。
通里,刺灸法,直刺0.3～0.5寸。
通里,附注,手少阴经络穴。
阴郄,拼音,Yīnxì
阴郄,定位,在前臂掌侧，当尺侧腕屈肌腱的桡侧缘，腕横纹上０.５寸。
阴郄,解剖,在尺侧腕屈肌与指浅屈肌之间，深层为指深屈肌；有尺动脉通过；布有前臂内侧皮神经，尺侧为尺神经。
阴郄,主治,心痛，惊悸，骨蒸盗汗，吐血、衄血，暴喑。
阴郄,配伍,配心俞、巨阙治心痛；配大椎治阴虚盗汗。
阴郄,刺灸法,直刺0.3～0.5寸。
阴郄,附注,手少阴经郄穴。
神门,拼音,Shénmén
神门,定位,在腕部，腕掌侧横纹尺侧端，尺侧腕屈肌腱的桡侧凹陷处。
神门,解剖,在尺侧腕屈肌与指浅屈肌之间，深层为指深屈肌；有尺动脉通过；布有前臂内侧皮神经，尺侧为尺神经。
神门,主治,心病，心烦，惊悸，怔仲，健忘，失眠，癫狂痫，胸胁痛。
神门,配伍,配内关、心俞治心痛；配内关、三阳交治健忘、失眠。
神门,刺灸法,直刺0.3～0.5寸。
神门,附注,手少阴经所注为“输”，心经原穴。
少府,拼音,Shàofǔ
少府,定位,在手掌面，第４、５掌骨之间，握拳时，当小指尖处。
少府,解剖,在第四、五掌骨间，有第四蚓状肌，指浅、深屈肌腱，深部为骨间肌；有指掌侧总动、静脉；布有第四指掌侧固有神经。
少府,主治,心悸，胸痛，小便不利，遗尿，阴痒痛，小指挛痛。
少府,配伍,配内关治心悸。
少府,刺灸法,直刺0.3～0.5寸。
少府,附注,手少阴经所溜为“荥”。
少冲,拼音,Shàochōng
少冲,定位,在小指末节桡侧，距指甲角0.1寸。
少冲,解剖,有指掌侧固有动、静脉所形成的动、静脉网；布有指掌侧固有神经。
少冲,主治,心悸，心痛，胸胁痛，癫狂，热病，昏迷。
少冲,配伍,配太冲、中冲、大椎治热病、昏迷。
少冲,刺灸法,浅刺0.1寸或点刺出血。
少冲,附注,手少阴经所出为“井”。
少泽,拼音,Shàozé
少泽,定位,在小指末节尺侧，距指甲角0.1寸。
少泽,解剖,有指掌侧固有动、静脉，指背动脉形成的动、静脉网；布有尺神经手背支。
少泽,主治,头痛，目翳，咽喉肿痛，乳痈，乳汁少，昏迷，热病。
少泽,配伍,配膻中、乳根治乳汁少、乳痈。
少泽,刺灸法,浅刺0.1寸或点刺出血。
少泽,附注,手太阳经所出为“井”。
前谷,拼音,Qiángǔ
前谷,定位,在手掌尺侧，微握拳，当小指本节（第５指掌关节）前的掌指横纹头赤白肉际。
前谷,解剖,有指背动、静脉；布有尺神经手背支。
前谷,主治,头痛，目痛，耳鸣，咽喉肿痛，乳少，热病。
前谷,配伍,配耳门、翳风治耳鸣。
前谷,刺灸法,直刺0.3～0.5寸。
前谷,附注,手太阳经所溜为“荥”。
后溪,拼音,Hòuxī
后溪,定位,在手掌尺侧，微握拳，当小指本节（第５指掌关节）后的远侧掌横纹头赤白肉际。
后溪,解剖,在小指尺侧，第五掌骨小头后方，当小指展肌起点外缘；有指背动、静脉，手背静脉网；布有尺神经手背支。
后溪,主治,头项强痛，目赤，耳聋，咽喉肿痛，腰背痛，癫狂痫，疟疾，手指及肘臂挛痛。
后溪,配伍,配列缺、悬钟治项强痛；配人中治急性腰扭伤。
后溪,刺灸法,直刺0.5～1寸。
后溪,附注,手太阳经所注为“输”；八脉交会穴之一，通督脉。
腕骨,拼音,Wàngǔ
腕骨,定位,在手掌尺侧，当第５掌骨基底与钩骨之间的凹陷处，赤白肉际。
腕骨,解剖,在手背尺侧，小指展肌起点外缘；有腕背侧动脉（尺动脉分支），手背静脉网；布有尺神经手背支。
腕骨,主治,头项强痛，耳鸣，目翳，黄疸，热病，疟疾，指挛腕痛。
腕骨,配伍,配阳陵泉、肝俞、胆俞治黄疸。
腕骨,刺灸法,直刺0.3～0.5寸。
腕骨,附注,手太阳经所过为“原”。
阳谷,拼音,Yánggǔ
阳谷,定位,在手腕尺侧，当尺骨茎突与三角骨之间的凹陷处。
阳谷,解剖,当尺侧腕伸肌腱的尺侧缘；有腕背侧动脉；布有尺神经手背支。
阳谷,主治,头痛，目眩，耳鸣，耳聋，热病，癫狂痫，腕痛。
阳谷,配伍,配阳池治腕痛。
阳谷,刺灸法,直刺0.3～0.5寸。
阳谷,附注,手太阳经所行为“经”。
养老,拼音,Yǎnglǎo
养老,定位,在前臂背面尺侧，当尺骨小头近端桡侧凹缘中。
养老,解剖,左尺骨背面，尺骨茎突上方，尺侧腕伸肌腱和小指固有伸肌腱之间；布有前臂骨间背侧动、静脉的末支，腕静脉网；有前臂背侧皮神经和尺神经。
养老,主治,目视不明，肩、背、肘、臂酸痛。
养老,配伍,配太冲、足三里治目视不明。
养老,刺灸法,直刺或斜刺0.5～0.8寸。
养老,附注,手太阳经郄穴。
支正,拼音,Zhīzhèng
支正,定位,在前臂背面尺侧，当阳谷与小海的连线上，腕背横纹上5寸。
支正,解剖,在尺骨背面，尺侧腕伸肌的尺侧缘；布有骨间背侧动、静脉；布有前臂内侧皮神经分支。
支正,主治,头痛，目眩，热病，癫狂，项强，肘臂酸痛。
支正,配伍,配合谷治头痛。
支正,刺灸法,直刺或斜刺0.5～0.8寸。
支正,附注,手太阳经络穴。
小海,拼音,Xiǎohǎi
小海,定位,在肘内侧，当尺骨鹰嘴与肱骨内上髁之间凹陷处。
小海,解剖,尺神经沟中，为尺侧腕屈肌的起始部；有尺侧上、下副动脉和副静脉以及尺返动、静脉；布有前臂内侧皮神经，尺神经本干。
小海,主治,肘臂疼痛，癫痫。
小海,配伍,配手三里治肘臂疼痛。
小海,刺灸法,直刺0.3～0.5寸。
小海,附注,手太阳经所入为“合”。
肩贞,拼音,Jiānzhēn
肩贞,定位,在肩关节后下方，臂内收时，腋后纹头上1寸。
肩贞,解剖,在肩关节后下方，肩胛骨外侧缘，三角肌后缘，下层是大圆肌；有旋肩胛动、静脉；布有腋神经分支，最深部上方为桡神经。
肩贞,主治,肩臂疼痛，瘰疬，耳鸣。
肩贞,刺灸法,直刺1～1.5寸。
俞,拼音,Nàoshū
俞,定位,在肩部，当腋后纹头直上，肩胛冈下缘凹陷中。
俞,解剖,在肩胛骨关节窝后方三角肌中，深层为岗下肌；有旋肱后动、静脉；布有腋神经，深层为肩胛上神经。
俞,主治,肩臂疼痛，瘰疬。
俞,配伍,配肩k、曲池治肩臂疼痛。
俞,刺灸法,直刺或斜刺0.5～1.5寸。
俞,附注,手、足太阳，阳维脉与阳跷脉交会穴。
天宗,拼音,Tiānzōng
天宗,定位,在肩胛部，当岗下窝中央凹陷处，与第４胸椎相平。
天宗,解剖,在岗下窝中央岗下肌中；有旋肩胛动、静脉肌支；布有肩胛神经。
天宗,主治,肩胛疼痛，气喘，乳痈。
天宗,配伍,配肩外俞治肩胛痛；配膻中、足三里治乳痈。
天宗,刺灸法,直刺或斜刺0.5～1寸。
秉风,拼音,Bǐngfēng
秉风,定位,在肩胛部，岗上窝中央，天宗直上，举臂有凹陷处。
秉风,解剖,在肩胛岗上缘中央，表层为斜方肌，再下为岗上肌；有肩胛动、静脉；布有锁骨上神经和副神经，深层为肩胛上神经。
秉风,主治,肩胛疼痛，上肢酸麻。
秉风,配伍,配天宗治肩胛疼痛。
秉风,刺灸法,直刺或斜刺0.5～1寸。
秉风,附注,手三阳与足少阳经交会穴。
曲垣,拼音,Qūyuán
曲垣,定位,在肩胛部，岗上窝内侧端，当俞与第２胸椎棘突连线的中点处。
曲垣,解剖,在肩胛岗上缘，斜方肌和岗上肌中；有颈横动、静脉降支，深层为肩胛上动、静脉肌支；布有第二胸神经后支外侧皮支、副神经，深层为肩胛上神经肌支。
曲垣,主治,肩胛疼痛。
曲垣,配伍,配天宗、秉风治肩胛疼痛。
曲垣,刺灸法,直刺或斜刺0.5～1寸。
肩外俞,拼音,Jiānwàishū
肩外俞,定位,在背部，当第１胸椎棘突下，旁开3寸。
肩外俞,解剖,在肩胛骨内侧角边缘，表层为斜方肌，深层为肩胛提肌和菱形肌；有颈横动、静脉，布有第一神经后支内侧皮支，肩胛背神经和副神经。
肩外俞,主治,肩背疼痛，颈项强急。
肩外俞,配伍,配肩中俞、大椎、列缺治肩背疼痛。
肩外俞,刺灸法,斜刺0.5～0.8寸。
肩中俞,拼音,Jiānzhōngshū
肩中俞,定位,在背部，当第７颈椎棘突下，旁开２寸。
肩中俞,解剖,在第一胸椎横突端，在肩胛骨内侧角边缘，表层为斜方肌，深层为肩胛提肌和菱形肌；有颈横动、静脉；布有第一胸神经后支内侧皮支，肩胛神经和副神经。
肩中俞,主治,咳嗽，气喘，肩背疼痛，目视不明。
肩中俞,配伍,配肩外俞，大椎治肩背疼痛。
肩中俞,刺灸法,斜刺0.5～0.8寸。
天窗,拼音,Tiānchuāng
天窗,定位,在颈外侧部，胸锁乳突肌的后缘，扶突后，与喉结相平。
天窗,解剖,在斜方肌前缘，肩胛提肌后缘，深层为头夹肌；有耳后动、静脉及枕动、静脉分支；布有颈皮神经，正当耳大神经丛的发出部及枕小神经。
天窗,主治,耳鸣，耳聋，咽喉肿痛，颈项强痛，暴喑。
天窗,配伍,配列缺治颈项强痛。
天窗,刺灸法,直刺0.5～1寸。
天容,拼音,Tiānróng
天容,定位,在颈外侧部，当下颌角的后方，胸锁乳突肌的前缘凹陷中。
天容,解剖,在下颌角后方，胸锁乳突肌停止部前缘，二腹肌后腹的下缘；前方有颈外浅静脉、颈内动、静脉；布有耳大神经的前支，面神经的颈支、副神经，其深层为交感神经于的颈上神经节。
天容,主治,耳鸣，耳聋，咽喉肿痛，颈项强痛。
天容,配伍,配列缺治颈项强痛。
天容,刺灸法,直刺0.5～1寸。
颧s,拼音,Quánliáo
颧s,定位,在面部，当目外眦直下，颧骨下缘凹陷处。
颧s,解剖,在颧骨下颌突的后下缘稍后，咬肌的起始部，颧肌中；有面横动、静分支；布有面神经及眶下神经。
颧s,主治,口眼歪斜，眼睑（目闰）动，齿痛，颊肿。
颧s,配伍,配地仓、颊车治口歪；配合谷治齿痛。
颧s,刺灸法,直刺0.3～0.5寸，斜刺或平刺0.5～1寸。
颧s,附注,（1）手少阳，太阳经交会穴；（2）《图翼》：禁灸。
听宫,拼音,Tīnggōng
听宫,定位,在面部，耳屏前，下颌骨髁状突的后方，张口时呈凹陷处。
听宫,解剖,有颞浅动、静脉的耳前支；布有面神经及三叉神经的第三支的耳颞神经。
听宫,主治,耳鸣，耳聋，耳，齿痛，癫狂痫。
听宫,配伍,配翳风、中渚治耳鸣、耳聋。
听宫,刺灸法,张口，直刺1～1.5寸。
听宫,附注,手、足少阳与手太阳经交会穴。
睛明,拼音,Jīngmíng
睛明,定位,在面部，目内眦角稍上方凹陷处。
睛明,解剖,在眶内缘睑内侧韧带中，深部为眼内直肌；有内眦动、静脉和滑车上下动、静脉，深层上方有眼动、静脉本干；布有滑车上、下神经，深层为眼神经，上方为鼻睫神经。
睛明,主治,目赤肿痛，流泪，视物不明，目眩，近视，夜盲，色盲。
睛明,配伍,配球后、光明治视目不明。
睛明,刺灸法,嘱患者闭目，医者左手轻推眼球向外侧固定，左手缓慢进针，紧靠眶缘直刺0.5～1寸。不捻转，不提插（或只轻微地捻转和提插）。出针后按压针孔片刻，以防出血。本穴禁灸。
睛明,附注,手足太阳、足阳明、阴跷、阳跷五脉交会穴。（《素问・气府论・注》）
攒竹,拼音,Cuánzhú
攒竹,定位,在面部，当眉头陷中，眶上切迹处。
攒竹,解剖,有额肌及皱眉肌；当额动、静脉处；布有额神经内侧支。
攒竹,主治,头痛，口眼歪斜，目视不明，流泪，目赤肿痛，眼睑（目闰）动，眉棱骨痛，眼睑下垂。
攒竹,配伍,配阳白治口眼歪斜、眼睑下垂。
攒竹,刺灸法,平刺0.5～0.8寸。禁灸。
眉冲,拼音,Méichōng
眉冲,定位,在头部，当攒竹直上入发际０.５寸，神庭与曲差连线之间。
眉冲,解剖,有额肌；当额动、静脉处；布有额神经内侧支。
眉冲,主治,头痛，眩晕，鼻塞，癫痫。
眉冲,配伍,配太阳治头痛。
眉冲,刺灸法,平刺0.3～0.5寸。
曲差,拼音,Qǔchā
曲差,定位,在头部，当前发际正中直上０.５寸，旁开１.５寸，即神庭与头维连线的内１/３与中１/３交点。
曲差,解剖,有额肌；当额动、静脉处；布有额神经内侧支。
曲差,主治,头痛，鼻塞，鼽衄，目视不明。
曲差,配伍,配合谷治头痛、鼻塞。
曲差,刺灸法,平刺0.5～0.8寸。
五处,拼音,Wǔchù
五处,定位,在头部，当前发际正中直上１寸，旁开１.５寸。
五处,解剖,有额肌；当额动、静脉处；布有额神经内侧支。
五处,主治,头痛，目眩，癫痫。
五处,配伍,配合谷、太冲治头痛、目眩。
五处,刺灸法,平刺0.5～0.8寸。
承光,拼音,Chéngguāng
承光,定位,在头部，当前发际正中直上２.５寸，旁开１.５寸。
承光,解剖,有帽状腱膜；有额动、静脉，颞浅动、静脉及枕动、静脉的吻合网；当额神经外侧支和枕大神经会合支处。
承光,主治,头痛，目眩，鼻塞，热病。
承光,配伍,配百会治头痛。
承光,刺灸法,平刺0.3～0.5寸。
通天,拼音,Tōngtiān
通天,定位,在头部，当前发际正中直上４寸，旁开１.５寸。
通天,解剖,有帽状腱膜；有颞浅动、静脉和枕动、静脉的吻合网；布有枕大神经分支。
通天,主治,头痛，眩晕，鼻塞，鼻衄，鼻渊。
通天,配伍,配迎香、合谷治鼻疾。
通天,刺灸法,平刺0.3～0.5寸。
络却,拼音,Luòquè
络却,定位,在头部，当前发际正中直上５.５寸，旁开１.５寸。
络却,解剖,在枕肌停止处；有枕动、静脉分支；布有枕大神经分支。
络却,主治,头晕，目视不明，耳鸣。
络却,配伍,配风池治头晕。
络却,刺灸法,平刺0.3～0.5寸。
玉枕,拼音,Yùzhěn
玉枕,定位,在后头部，当后发际正中直上２.５寸，旁开１.３寸平枕外隆凸上缘的凹陷处。
玉枕,解剖,有枕肌；有枕动、静脉；布有枕大神经分支。
玉枕,主治,头项痛，目痛，鼻塞。
玉枕,配伍,配大椎治头项痛。
玉枕,刺灸法,平刺0.3～0.5寸。
天柱,拼音,Tiānzhù
天柱,定位,在项部大筋（斜方肌）外缘之后发际凹陷中，约当后发际正中旁开１.３寸。
天柱,解剖,在斜方肌起部，深层为头半棘肌：有枕动、静脉干；布有枕大神经干。
天柱,主治,头痛，项强，鼻塞，癫狂痫，肩背病，热病。
天柱,配伍,配大椎治头痛项强。
天柱,刺灸法,直刺或斜刺0.5～0.8寸，不可向内上方深刺，以免伤及延髓。
大杼,拼音,dàzhù
大杼,定位,在背部，当第１胸椎棘突下，旁开１.５寸。
大杼,解剖,有斜方肌，菱形肌，上后锯肌，最深层为最长肌；有第一肋间动、静脉后支布有第一胸神经后支的皮支，深层为第一胸神经后支外侧支。
大杼,主治,咳嗽，发热，项强，肩背痛。
大杼,配伍,配肩中俞、肩外俞治肩背痛。
大杼,刺灸法,斜刺0.5～0.8寸。
大杼,附注,（1）八会穴之一，骨会大杼；手足太阳经交会穴。（2）本经背部诸穴，不宜深刺，以免伤及内部重要脏器。
风门,拼音,fēngmén
风门,定位,在背部，当第２胸椎棘突下，旁开１.５寸。
风门,解剖,有斜方肌，菱形肌，上后锯肌，深层为最肌；有第二肋间动、静脉后支；布有二、三胸神经后支的皮支，深层为第三胸神经后支外侧支。
风门,主治,伤风，咳嗽，发热头痛，项强，胸背痛。
风门,配伍,配肺俞、大椎治咳嗽、气喘；配合谷治伤风咳嗽。
风门,刺灸法,斜刺0.5～0.8寸。
风门,附注,足太阳经与督脉交会穴。
肺俞,拼音,fèishū
肺俞,定位,在背部，当第３胸椎棘突下，旁开１.５寸。
肺俞,解剖,有斜方肌、菱形肌，深层为最长肌；有第三肋间动、静脉后支；布有第三或第四胸神经后支的皮支，深层为第三胸神经后支外侧支。
肺俞,主治,咳嗽，气喘，吐血，骨蒸，潮热，盗汗，鼻塞。
肺俞,配伍,配风门治咳嗽喘；配合谷、迎香治鼻疾。
肺俞,刺灸法,斜刺0.5～0.8寸。
肺俞,附注,肺的背俞穴。
厥阴俞,拼音,juéyīnshū
厥阴俞,定位,在背部，当第４胸椎棘突下，旁开１.５寸。
厥阴俞,解剖,有斜方肌、菱形肌，深层为最长肌；布有第四肋间动、静脉后支；正当第四或第五胸神经后支的皮支，深层为第四胸神经后支外侧支。
厥阴俞,主治,咳嗽，心痛，胸闷，呕吐。
厥阴俞,配伍,配内关治心痛、心悸。
厥阴俞,刺灸法,斜刺0，5～0.8寸
厥阴俞,附注,心包背俞穴。
心俞,拼音,Xīnshū
心俞,定位,在背部，当第５胸椎棘突下，旁开１.５寸。
心俞,解剖,有斜方肌，菱形肌，深层为最长肌；有第五肋间动、静脉后支；布有第五或第六胸神经后支的皮支，深层为第五胸神经后支外侧支。
心俞,主治,心痛，惊悸，咳嗽，吐血，失眠，健忘，盗汗，梦遗，癫痫。
心俞,配伍,配巨阙、内关治心痛、惊悸；配内关、神门治失眠、健忘。
心俞,刺灸法,斜刺0.5～0.8寸。
心俞,附注,心的背俞穴。
督俞,拼音,Dūshū
督俞,定位,在背部，当第６胸椎棘突下，旁开１.５寸。
督俞,解剖,有斜方肌，背阔肌肌腱，最长肌；有第六肋间动、静脉后支，颈横动脉降支；布有肩胛背神经，第六或第七胸神经后支的皮支，深层为第六胸神经后支外侧支。
督俞,主治,心痛，胸闷，腹痛，寒热、气喘。
督俞,配伍,配内关治心痛、胸闷。
督俞,刺灸法,斜刺0.5～0.8寸。
膈俞,拼音,Géshū
膈俞,定位,在背部，当第７胸椎棘突下，旁开１.５寸。
膈俞,解剖,在斜方肌下缘，有背阔肌，最长肌；布有第七肋间动、静脉后支；布有第七或第八胸神经后支的皮支，深层为第七胸神经后支外侧支。
膈俞,主治,呕吐，呃逆，气喘，咳嗽，吐血，潮热，盗汗。
膈俞,配伍,配内关、足三里治呕吐、呃逆；配足三里、血海、肓膏治贫血。
膈俞,刺灸法,斜刺0.5之0.8寸。
膈俞,附注,（1）八会穴之一，血会膈俞。（2）参考资料：据报道，用人工放血造成家免的贫血状态（红细胞在400万／mm’以下，血红蛋白在65两以下），针刺“膈俞”、“膏盲”，结果与对照组相比，大大提前纠正了贫血状态，迅速恢复正常。
肝俞,拼音,Gānshū
肝俞,定位,在背部，当第９胸椎棘突下，旁开１.５寸。
肝俞,解剖,在背阔肌，最长肌和髂肋肌之间；有第九肋间动、静脉后支；布有第九或第十胸神经后支的皮支，深层为第九胸神经后支外侧支。
肝俞,主治,黄疸，胁痛，吐血，目赤，目眩，雀目，癫狂痫，脊背痛。
肝俞,配伍,配支沟、阳陵泉治胁痛；配太冲治目眩。
肝俞,刺灸法,斜刺0.5～0.8寸。
肝俞,附注,肝的背俞穴。
胆俞,拼音,Dǎnshū
胆俞,定位,在背部，当第１０胸椎棘突下，旁开１.５寸。
胆俞,解剖,在背阔肌，最长肌和腱肋肌之间；有第十肋间动、静脉后支；布有第十胸神经后支的皮支，深层为第十胸神经后支的外侧支。
胆俞,主治,黄疸，口苦，肋痛，肺痨，潮热。
胆俞,配伍,配阳陵泉、太冲胆道疾病。
胆俞,刺灸法,斜刺0.5～0.8寸。
胆俞,附注,胆的背俞穴。
脾俞,拼音,Pǐshū
脾俞,定位,在背部，当第１１胸椎棘突下，旁开１.５寸。
脾俞,解剖,在背阔肌，最长肌和髂肋肌之间；有第十一肋间动、静脉后支；布有第十一胸神经后支的皮支，深层为第十一胸神经后支肌支。
脾俞,主治,腹胀，黄疸，呕吐，泄泻，痢疾，便血，水肿，背痛。
脾俞,配伍,配足三里治腹脱、便秘。
脾俞,刺灸法,斜刺0.5～0.8寸。
脾俞,附注,脾的背俞穴。
胃俞,拼音,Wèishū
胃俞,定位,在背部，当第１２胸椎棘突下，旁开１.５寸。
胃俞,解剖,在腰背筋膜，最长肌和髂肋肌之间；有肋下动、静脉后支；布有第十二胸神经后支的皮支，深层为第十二胸神经后支外侧支。
胃俞,主治,胸胁痛，胃脘痛，呕吐，腹胀，肠鸣。
胃俞,配伍,配中脘、梁丘治胃痛。
胃俞,刺灸法,斜刺0.5～0.8寸。
胃俞,附注,胃的背俞穴。
三焦俞,拼音,Sānjiāoshū
三焦俞,定位,在腰部，当第１腰椎棘突下，旁开１.５寸。
三焦俞,解剖,在腰背筋膜，最长肌和髂肋肌之间；有第一腰动、静脉后支；布有第十胸神经后支的皮支，深层为第一腰神经后支外侧支。
三焦俞,主治,肠鸣，腹胀，呕吐，泄泻，痢疾，水肿，腰背强痛。
三焦俞,配伍,配气海、足三里治肠鸣、腹胀。
三焦俞,刺灸法,直刺0.5～1寸。
三焦俞,附注,三焦背俞穴。
肾俞,拼音,Shènshū
肾俞,定位,在腰部，当第２腰椎棘突下，旁开１.５寸。
肾俞,解剖,在腰背筋膜，最长肌和髂肋肌之间：有第二腰动、静脉后支；布有第一腰神经后支的外侧支，深层为第一腰丛。
肾俞,主治,遗尿，遗精，阳萎，月经不调，白带，水肿，耳鸣，耳聋，腰痛。
肾俞,配伍,配太溪、三阴交治月经不调；配翳风、耳门治耳鸣、耳聋。
肾俞,刺灸法,直刺0.5～1寸。
肾俞,附注,（1）肾的背俞穴。（2）据实验观察针刺对正常人水负荷后肾脏泌尿功能的影响，发现在大多数情况下，针刺肾俞或京门穴时可抑制肾脏的泌尿功能。
气海俞,拼音,Qìhǎishū
气海俞,定位,在腰部，当第３腰椎棘突下，旁开１.５寸。
气海俞,解剖,在腰背筋膜，最长肌和髂肋肌之间；有第二腰动、静脉后支；布有第二腰神经后支的外侧支，深层为第一腰丛。
气海俞,主治,肠鸣腹胀，痔漏，痛经，腰痛。
气海俞,配伍,配足三里、天枢治腹胀、肠鸣。
气海俞,刺灸法,直刺0.5～1寸。
大肠俞,拼音,Dàchángshū
大肠俞,定位,在腰部，当第４腰椎棘突下，旁开１.５寸。
大肠俞,解剖,在腰背筋膜，最长肌和髂肋肌之间；有第四腰动、静脉后支；布有第三腰神经皮支，深层为腰丛。
大肠俞,主治,腹胀，泄泻，便秘，腰痛。
大肠俞,配伍,配气海、足三里、支沟治便秘。
大肠俞,刺灸法,直刺0.8～1.2寸。
大肠俞,附注,大肠背俞穴。
关元俞,拼音,Guānyuánshū
关元俞,定位,在腰部，当第５腰椎棘突下，旁开１.５寸。
关元俞,解剖,有骶棘肌，有腰最下动、静脉后支的内侧支；布有第五腰神经后支。
关元俞,主治,腹胀、泄泻，小便频数或不利，遗尿，腰痛。
关元俞,配伍,配气海治腹胀。
关元俞,刺灸法,直刺0.8～1.2寸。
小肠俞,拼音,Xiǎochángshū
小肠俞,定位,在骶部，当骶正中嵴旁１.５寸，平第１骶后孔。
小肠俞,解剖,在骶髂肌起始部和臀大肌起始部之间；有骶外侧动、静脉后支的外侧支；布有第一骶神经后支外侧支，第五腰神经后支
小肠俞,主治,遗精，遗尿，尿血，白带，小腹胀痛，泄泻，痢疾，疝气，腰腿疼
小肠俞,配伍,配天枢、足三里、上巨虚、关元治腹胀、痢疾、便秘。配肾俞、三阴交、三焦俞、关元、曲泉治泌尿系结石。
小肠俞,刺灸法,直刺或斜刺０.８～１寸；灸３～７壮。
膀胱俞,拼音,Pángguāngshū
膀胱俞,定位,在骶部，当骶正中嵴旁１.５寸，平第２骶后孔。
膀胱俞,解剖,在骶棘肌起部和臀大肌起部之间；有骶外侧动、静脉后支；布有臀中皮神经分支。
膀胱俞,主治,小便不利，遗尿，泄泻，便秘，腰脊强痛。
膀胱俞,配伍,配肾俞治小便不利。
膀胱俞,刺灸法,直刺或斜刺0.8～1.2寸。
膀胱俞,附注,膀胱背俞穴。
中膂俞,拼音,Zhōnglǚshū
中膂俞,定位,在骶部，当骶正中嵴旁１.５寸，平第３骶后孔。
中膂俞,解剖,有臀大肌，深层为骶结节韧带起始部；当臀下动、静脉的分支处，布有臀下皮神经。
中膂俞,主治,泄泻，疝气，腰脊强痛。
中膂俞,配伍,配大敦治疝气。
中膂俞,刺灸法,直刺1～1.5寸。
白环俞,拼音,Báihuánshū
白环俞,定位,在骶部，当骶正中嵴旁１.５寸，平第４骶后孔。
白环俞,解剖,在臀大肌，骶结节韧带下内缘；有臀下动、静脉，深层为阴部内动、静脉；布有皮神经，深层为阴部神经。
白环俞,主治,遗尿，疝气，遗精，月经不调，白带，腰部疼痛。
白环俞,配伍,配三阴交、肾俞、治遗尿、月经不调。
白环俞,刺灸法,直刺1～1.5寸。
上s,拼音,Shàngliáo
上s,定位,在骶部，当髂后上棘与中线之间，适对第１骶后孔处。
上s,解剖,在骶棘肌起始部及臀大肌起始部；当额外
上s,主治,大小便不利，月经不调，带下，阴挺，遗精，阳萎，腰痛。
上s,配伍,配三阴交、中极、治小便不利。
上s,刺灸法,直刺1～1.5寸。
次s,拼音,Cìliáo
次s,定位,在骶部，当髂后上棘内下方，适对第２骶后孔处。
次s,解剖,在臀大肌起始部；当骶外侧动、静脉后支处；为第二骶神经后支通过处。
次s,主治,疝气，月经不调，痛经，带下，小便不利，遗精，腰痛，下肢痿痹。
次s,配伍,配三阴交、中极、肾俞治遗尿；配血海治痛经。
次s,刺灸法,直刺1～1.5寸。
中s,拼音,Zhōngliáo
中s,定位,在骶部，当次s下内方，适对第４骶后孔处。
中s,解剖,在臀大肌起始部；当骶外侧动、静脉后支处；为第三骶神经后支通过处。
中s,主治,便秘，泄泻，小便不利，月经不调，带下，腰痛。
中s,配伍,配足三里治便秘。
中s,刺灸法,直刺1～1.5寸。
下s,拼音,Xiàliáo
下s,定位,在骶部，当[定位]在骶部，当中s下内方，适对第４骶后孔处。
下s,解剖,在臀大肌起始部；有臀下动、静脉分支；当第四骶神经后支通过处。
下s,主治,腹痛，便秘，小便不利，带下，腰痛。
下s,配伍,配气海治腹痛。
下s,刺灸法,直刺1～1.5寸。
会阳,拼音,Huìyáng
会阳,定位,在骶部，尾骨端旁开０.５寸。
会阳,解剖,有臀大肌；有臀下动、静脉分支；布有尾骨神经；深部有阴部神经干。
会阳,主治,泄泻，便血，痔疾，阳萎，带下。
会阳,配伍,配承山治痔疾。
会阳,刺灸法,直刺1～1.5寸。
承扶,拼音,Chéngfú
承扶,定位,在大腿后面，臀下横纹的中点。
承扶,解剖,在臀大肌下缘；有坐骨神经伴行的动、静脉；布有股后皮神经，深层为坐骨神经。
承扶,主治,腰骶臀股部疼痛，痔疾。
承扶,配伍,配委中治腰骶疼痛。
承扶,刺灸法,直刺1～2寸。
殷门,拼音,Yīnmén
殷门,定位,在大腿后面，当承扶与委中的连线上，承扶下６寸。
殷门,解剖,在半腱肌与股二头肌之间，深层为大收肌；外侧为股深动、静脉第三穿支；布有股后皮神经，深层正当坐骨神经。
殷门,主治,腰痛，下肢痿痹。
殷门,配伍,配大肠俞治腰痛。
殷门,刺灸法,直刺1～2寸。
浮郄,拼音,Fúxì
浮郄,定位,在N横纹外侧端，委阳上１寸，股二头肌腱的内侧。
浮郄,解剖,在股二头肌键内侧；有膝上外侧动、静脉；布有股后皮神经，正当腓总神经处。
浮郄,主治,便秘，股N部疼痛，麻木。
浮郄,配伍,配承山治下肢痿痹。
浮郄,刺灸法,直刺1～1.5寸。
委阳,拼音,Wěiyáng
委阳,定位,在N横纹外侧端，当股二头肌腱的内侧。
委阳,解剖,在股二头肌键内侧；有膝上外侧动、静脉；布有股后皮神经，正当腓总神经处。
委阳,主治,腹满，小便不利，腰脊强痛，腿足挛痛。
委阳,配伍,配三焦俞、肾俞、治小便不利。
委阳,刺灸法,直刺1～1.5寸。
委阳,附注,三焦经下合穴。
委中,拼音,Wěizhōng
委中,定位,在N横纹中点，当股二头肌腱与半腱肌肌腱的中间。
委中,解剖,在N窝正中，有N筋膜；皮下有股N静脉，深层内侧为N静脉，最深层为N动有股后皮神经，正当胫神经处。
委中,主治,腰痛，下肢痿痹，腹痛，吐泻，小便不利，遗尿，丹毒。
委中,配伍,配大肠俞治腰痛。
委中,刺灸法,直刺1～1.5寸，或用三棱针点刺N静脉出血。
委中,附注,足太阳经所入为“合”。
附分,拼音,Fùfēn
附分,定位,在背部，当第２胸椎棘突下，旁开３寸。
附分,解剖,在肩胛岗内端边缘，有斜方肌，菱形肌，深层为髂肋肌；有颈横动脉降支，当第二肋间动、静脉后支；布有第二胸神经后支。
附分,主治,颈项强痛，肩背拘急，肘臂麻木。
附分,配伍,配大椎治颈项强痛。
附分,刺灸法,斜刺0.5～0.8寸。
附分,附注,手、足太阳经交会穴。
魄户,拼音,Pòhù
魄户,定位,在背部，当第３胸椎棘突下，旁开３寸。
魄户,解剖,在肩胛骨脊柱缘，有斜方肌，菱形肌，深层为髂肋肌；有第三肋间动、静脉背侧支颈横动脉降支；布有第二、三胸神经后支。
魄户,主治,咳嗽，气喘，肺痨，项强，肩背痛。
魄户,配伍,配天突、膻中治咳喘。
魄户,刺灸法,斜刺0.5～0.8寸。
膏肓,拼音,Gāohuāng
膏肓,定位,在背部，当第４胸椎棘突下，旁开３寸。
膏肓,解剖,在肩胛骨脊柱缘，有斜方肌、菱形肌，深层为髂肋肌；有第四肋间动、静脉背侧支及颈横动脉降支；布有第三、四胸神经后支。
膏肓,主治,咳嗽，气喘，肺痨，健忘，遗精，完谷不化。
膏肓,配伍,配尺泽、肺俞治咳喘。
膏肓,刺灸法,斜刺0.5～0.8寸。
神堂,拼音,Shéntáng
神堂,定位,在背部，当第５胸椎棘突下，旁开３寸。
神堂,解剖,在肩胛骨脊柱缘，有斜方肌，菱形肌，深层为髂肋肌；有第五肋间动静脉背侧支及颈横动脉降支；布有第四、五胸神经后支。
神堂,主治,咳嗽，气喘，胸闷，脊背强病。
神堂,配伍,配膻中治胸闷。
神堂,刺灸法,斜刺0.5～0.8寸。
b嘻,拼音,Yìxǐ
b嘻,定位,在背部，当第６胸椎棘突下，旁开３寸。
b嘻,解剖,在斜方肌外缘，有髂肋肌；有第六肋间动、静脉背侧支；布有第五、六胸神经后支。
b嘻,主治,咳嗽，气喘，疟疾，热病，肩背痛。
b嘻,配伍,配大椎、肩外俞治肩背痛。
b嘻,刺灸法,斜刺0.5～0.8寸。
膈关,拼音,Gěguān
膈关,定位,在背部，当第７胸椎棘突下，旁开３寸。
膈关,解剖,有背阔肌，髂肋肌；有第七肋间动、静脉背侧支；布有第六胸神经后支。
膈关,主治,胸闷，嗳气，呕吐，脊背强痛。
膈关,配伍,配内关治嗳气。
膈关,刺灸法,斜刺0.5～0.8寸。
魂门,拼音,Húnmén
魂门,定位,在背部，当第９胸椎棘突下，旁开３寸。
魂门,解剖,有背阔肌，髂肋肌；有第九肋间动、静脉背侧支；布有第八、九胸神经后支。
魂门,主治,胸胁痛，呕吐，泄泻，背痛。
魂门,配伍,配阳陵泉、支沟治胸肋痛。
魂门,刺灸法,斜刺0.5～0.8寸。
阳纲,拼音,Yánggāng
阳纲,定位,在背部，当第１０胸椎棘突下，旁开３寸。
阳纲,解剖,有背阔肌，髂肋肌；有第十肋间动、静脉背侧支；布有第九、十胸神经后支。
阳纲,主治,肠鸣，腹痛，泄泻，黄疸，消渴。
阳纲,配伍,配气海治腹胀。
阳纲,刺灸法,斜刺0.5～0.8寸。
意舍,拼音,Yìshě
意舍,定位,在背部，当第１１胸椎棘突下，旁开３寸。
意舍,解剖,有背阔肌，髂肋肌；有第十一肋间动、静脉背侧支；布有第十、十一胸神经后支。
意舍,主治,腹胀、肠鸣、呕吐、泄泻。
意舍,配伍,脾俞、胃俞治腹胀。
意舍,刺灸法,斜刺0.5～0.8寸。
胃仓,拼音,Wèicāng
胃仓,定位,在背部，当第１２胸椎棘突下，旁开３寸。
胃仓,解剖,有背阔肌，髂肋肌；有肋下动、静脉背侧支；布有第十二、十三胸神经后支。
胃仓,主治,胃脘痛，腹胀，小儿食积，水肿，背脊痛。
胃仓,配伍,配足三里治胃痛。
胃仓,刺灸法,斜刺0.5～0.8寸。
肓门,拼音,Huāngmén
肓门,定位,在腰部，当第１腰椎棘突下，旁开３寸。
肓门,解剖,有背阔肌，髂肋肌；有第一腰动、静脉背侧支；布有第十二胸神经后支。
肓门,主治,腹痛，便秘，痞块，乳疾。
肓门,配伍,配气海天、枢治便秘。
肓门,刺灸法,斜刺0.5～0.8寸。
志室,拼音,Zhìshì
志室,定位,在腰部，当第２腰椎棘突下，旁开３寸。
志室,解剖,有背阔肌、髂肋肌；有第二腰动、静脉背侧支；布有第十二胸神经后支外侧支，第一腰神经外侧支。
志室,主治,遗精，阳萎，小便不利，水肿，腰脊强痛。
志室,配伍,配命门治遗精。
志室,刺灸法,斜刺0.5～0.8寸。
胞肓,拼音,Bāohuāng
胞肓,定位,在臀部，平第２骶后孔，骶正中嵴旁开３寸。
胞肓,解剖,有臀大肌，臀中肌及臀小肌；正当臀上动、静脉；布有臀上皮神经，深层为臀上神经。
胞肓,主治,肠鸣，腹胀，便秘，癃闭，腰脊强痛。
胞肓,配伍,配委中治腰痛。
胞肓,刺灸法,直刺l～1.5寸。
秩边,拼音,Zhìbiān
秩边,定位,在臀部，平第４骶后孔，骶正中嵴旁开３寸。
秩边,解剖,有臀大肌，在梨状肌下缘；正当臀下动、静脉深层当臀下神经及股后皮神经，外侧为坐骨神经。
秩边,主治,小便不利，便秘，痔疾，腰骶痛，下肢痿痹。
秩边,配伍,配委中、大肠俞治腰腿疼痛。
秩边,刺灸法,直刺1.5～2寸。
合阳,拼音,Héyáng
合阳,定位,在小腿后面，当委中与承山的连线上，委中下２寸。
合阳,解剖,在腓肠肌二头之间；有小隐静脉，深层为N动、静脉；布有腓肠肌内侧皮神经，深层为腓神经。
合阳,主治,腰脊强痛，下肢痿痹，疝气，崩漏。
合阳,配伍,配腰阳关治腰痛。
合阳,刺灸法,直刺l～2寸。
承筋,拼音,Chéngjīn
承筋,定位,在小腿后面，当委中与承山的连线上，腓肠肌肌腹中央，委中下５寸。
承筋,解剖,在腓肠肌两肌腹之间；有小隐静脉，深层为腓后动、静脉；布有腓肠内侧皮神经，深层为腓神经。
承筋,主治,痔疾，腰腿拘急疼痛。
承筋,配伍,配委中治下肢挛痛。
承筋,刺灸法,直刺l～1.5寸。
承山,拼音,Chéngshān
承山,定位,在小腿后面正中，委中与昆仑之间，当伸直小腿或足跟上提时腓肠肌肌腹下出现尖角凹陷处。
承山,解剖,在腓肠肌两肌腹交界下端；有小隐静脉，深层为股后动、静脉；布有腓肠内侧皮神经，深层为腓神经。
承山,主治,痔疾，脚气，便秘，腰腿拘急疼痛。
承山,配伍,配大肠俞治痔疾。
承山,刺灸法,直刺1～2寸。
飞扬,拼音,Fēiyáng
飞扬,定位,在小腿后面，外踝后，昆仑直上七寸，承山穴外下方１寸处。
飞扬,解剖,有腓肠肌及比目鱼肌；布有腓肠外侧皮神经。
飞扬,主治,头痛，目眩，腰腿疼痛，痔疾。
飞扬,配伍,配委中治腿痛。
飞扬,刺灸法,直刺l～1.5寸。
飞扬,附注,足太阳经络穴
跗阳,拼音,Fùyáng
跗阳,定位,在小腿后面，外踝后，昆仑穴直上3寸。
跗阳,解剖,在腓骨的后部，跟腱外前缘，深层为拇长屈肌；有小隐静脉，深层为腓动脉末支；布有腓肠神经。
跗阳,主治,头痛，腰骶痛，下肢痿痹，外踝肿痛。
跗阳,刺灸法,直刺0.8～1.2寸。
跗阳,附注,阳跷脉郄穴。
昆仑,拼音,Kūnlún
昆仑,定位,在足部外踝后方，当外踝尖与跟腱之间的凹陷处。
昆仑,解剖,有腓骨短肌；有小隐静脉及外踝后动、静脉；布有腓肠神经。
昆仑,主治,头痛，项强，目眩，癫痫，难产，腰骶疼痛，脚跟肿痛。
昆仑,配伍,配风池治头痛、目眩。
昆仑,刺灸法,直刺0.5～0.8寸。
昆仑,附注,（l）足太阳经所行为“经”。（2）《针灸大成》：“妊妇刺之落胎。”
仆参,拼音,Púcān
仆参,定位,在足外侧部，外踝后下方，昆仑直下，跟骨外侧，赤白肉际处。
仆参,解剖,有腓动、静脉的跟骨外侧支；布有腓肠神经跟骨外侧支。
仆参,主治,下肢痿痹，足跟痛，癫痫。
仆参,配伍,配太溪治足跟痛。
仆参,刺灸法,直刺0.3～0.5寸。
申脉,拼音,ShēnMài
申脉,定位,在足外侧部，外踝直下方凹陷中。
申脉,解剖,在腓骨长短肌腱上缘；有外踝动脉网及小隐静脉；布有腓肠神经的足背外侧皮神经分支。
申脉,主治,头痛，眩晕，癫狂痫，腰腿酸痛，目赤痛，失眠。
申脉,配伍,配肾俞、肝俞、百会治眩晕。
申脉,刺灸法,直刺0.3～0.5寸。
申脉,附注,八脉交会穴之一，通阳跷脉。
金门,拼音,Jīnmén
金门,定位,在足外侧部，当外踝前缘直下，骰骨下缘处。
金门,解剖,在腓骨长肌腱和小趾外展肌之间；有足底外侧动、静脉；布有足背外侧皮神经，深层为足底外侧神经。
金门,主治,头痛，癫痫，小儿惊风，腰痛，下肢痿痹，外踝痛。
金门,配伍,配太阳合谷治头痛。
金门,刺灸法,直刺0.3～0.5寸。
金门,附注,足太阳经郄穴。
京骨,拼音,Jīnggǔ
京骨,定位,在足外侧部，第５跖骨粗隆下方，赤白肉际处。
京骨,解剖,在小趾外展肌下方；有足底外侧动、静脉；布有足背外侧皮神经，深层为足底外侧神经。
京骨,主治,头痛，项强，目翳，癫痫，腰痛。
京骨,配伍,配百会、太冲治头痛。
京骨,刺灸法,直刺0.3～0.5寸。
京骨,附注,足太阳经所过为“原”。
束骨,拼音,Shùgǔ
束骨,定位,在足外侧，足小趾本节（第５跖趾关节）的后方，赤白肉际处。
束骨,解剖,在小趾外展肌下方；有第四趾跖侧总动、静脉；有第四趾跖侧神经及足背外侧皮神经分布。
束骨,主治,头痛，项强，目眩，癫狂，腰腿痛。
束骨,配伍,配肾俞、太冲治目眩。
束骨,刺灸法,直刺0.3～0.５寸。
束骨,附注,足太阳经所注为“输”。
足通谷,拼音,Zútōnggǔ
足通谷,定位,在足外侧，足小趾本节（第５跖趾关节）的前方，赤白肉际处。
足通谷,解剖,有趾跖侧动、静脉；布有趾跖侧固有神经及足背外侧皮神经。
足通谷,主治,头痛，项强，目眩，鼻衄，癫狂。
足通谷,配伍,配大椎治项强。
足通谷,刺灸法,直刺0.2～0.3寸。
足通谷,附注,足太阳经所溜为“荥”。
至阴,拼音,Zhìyīn
至阴,定位,在足小趾末节外侧，距趾甲角０.１寸。
至阴,解剖,有趾背动脉及趾跖侧固有动脉形成的动脉网；布有趾跖侧固有神经及足背外侧皮神经。
至阴,主治,头痛，目痛，鼻塞，鼻衄，胎位不正，难产。
至阴,配伍,配太冲、百会治头痛。
至阴,刺灸法,浅刺0.1寸。胎位不正用灸法。
至阴,附注,足太阳经所出为“井”。
涌泉,拼音,Yǒngquán
涌泉,定位,在足底部，卷足时足前部凹陷处，约当第２、３趾趾指缝纹头端与足跟连线的前１/３与后２/３交点上。
涌泉,解剖,有指短屈肌腱，指长屈肌腱，第二蚓状肌，深层为骨间肌；有来自胫前动脉的足底弓；布有足底内侧神经支。
涌泉,主治,头顶痛，头晕，眼花，咽喉痛，舌干，失音，小便不利，大便难，小儿惊风，足心热，癫疾，霍乱转筋，昏厥。
涌泉,配伍,配然谷治喉痹；配阴陵泉治热病挟脐急痛，胸胁满；配水沟、照海治癫痫。配太冲、百会治头项痛。
涌泉,刺灸法,直刺０.５～０.８寸；可灸。
涌泉,附注,肾经井穴。
然谷,拼音,Rángǔ
然谷,定位,在足内侧缘，足舟骨粗隆下方，赤白肉际。
然谷,解剖,有拇指外展肌，有跖内侧动脉及跗内侧动脉分支；布有小腿内侧皮神经末支及足底内侧神经。
然谷,主治,月经不调，阴挺，阴痒，白浊，遗精，阳痿，小便不利，泄泻，胸胁胀痛，咳血，小儿脐风，口噤不开，消渴，黄疸，下肢痿痹，足跗痛。
然谷,配伍,配承山治转筋；配气冲、四满治石水；配太溪治热病烦心、足寒、多汗。
然谷,刺灸法,直刺０.５～０.８寸；可灸。
然谷,附注,肾经荥穴。
太溪,拼音,Tàixī
太溪,定位,在足内侧，内踝后方，当内踝尖与跟腱之间的凹陷处。
太溪,解剖,有胫后动、静脉；布有小腿内侧皮神经，当胫神经之经过处。
太溪,主治,头痛目眩，咽喉肿痛，齿痛，耳聋，耳鸣，咳嗽，气喘，胸痛咳血，消渴，月经不调，失眠，健忘，遗精，阳痿，小便频数，腰脊痛，下肢厥冷，内踝肿痛。
太溪,配伍,配然谷主治热病烦心，足寒清，多汗；配肾俞治肾胀；配支沟、然谷治心痛如锥刺。
太溪,刺灸法,直刺０.５～０.８寸；可灸。
太溪,附注,肾经腧穴、原穴
大钟,拼音,Dàzhōng
大钟,定位,在足内侧，内踝下方，当跟腱附着部的内侧前方凹陷处。
大钟,解剖,有胫后动脉跟内侧支；布有小腿内侧皮神经及胫神经的跟骨内侧神经。
大钟,主治,咳血，气喘，腰脊强痛，痴呆，嗜卧，足跟痛，二便不利，月经不调。
大钟,配伍,配太溪、神门治心肾不交之心悸、失眠；配行间治虚火上炎之易惊善怒；配鱼际治虚火上炎之咽痛。
大钟,刺灸法,直刺０.３～０.５寸；可灸。
大钟,附注,肾经络穴。
水泉,拼音,Shuǐquán
水泉,定位,在足内侧，内踝后下方，当太溪直下1寸，跟骨结节的内侧凹陷处。
水泉,解剖,有胫后动脉跟内侧支；布有小腿内侧皮神经及胫神经的跟骨内侧神经。
水泉,主治,月经不调，痛经，阴挺，小便不利，目昏花，腹痛。
水泉,配伍,配中极、水道治肾气亏虚；配气海、血海、肾俞、三阴交、气海俞治肾绞痛、肾结石；配肾俞、中极、血海治血尿。
水泉,刺灸法,直刺０.３～０.５寸；可灸。
水泉,附注,肾经郄穴。
照海,拼音,Zhàohǎi
照海,定位,在足内侧，内踝尖下方凹陷处。
照海,解剖,在拇趾外展肌止点；后方有胫后动、静脉；布有小腿内侧皮神经，深部为胫神经本干。
照海,主治,咽喉干燥，痫证，失眠，嗜卧，惊恐不宁，目赤肿痛，月经不调，痛经，赤白带下，阴挺，阴痒，疝气，小便频数，不寐，脚气。
照海,配伍,配列缺、天突、太冲、廉泉治咽喉病症；配神门、风池、三阴交治阴虚火旺之失眠症。
照海,刺灸法,直刺０.５～０.８寸；可灸。
照海,附注,八脉交会穴－通阴跷脉。
复溜,拼音,Fùliū
复溜,定位,在小腿内侧，太溪直上2寸，跟腱的前方。
复溜,解剖,在比目鱼肌下端移行于跟腱处之内侧；前方有胫后动、静脉；布有腓肠内侧皮神经，小腿内侧皮神经，深层为胫神经。
复溜,主治,泄泻，肠鸣，水肿，腹胀，腿肿，足痿，盗汗，脉微细时无，身热无汗，腰脊强痛。
复溜,配伍,配后溪、阴郄治盗汗不止；配中极、阴谷治癃闭。
复溜,刺灸法,直刺０.８～１寸；可灸。
复溜,附注,肾经经穴。
交信,拼音,Jiāoxìn
交信,定位,在小腿内侧，当太溪直上2寸，复溜前0.5寸，胫骨内侧缘的后方。
交信,解剖,在趾长屈肌中；深层为胫后动、静脉；布有小腿内侧皮神经，后方为胫神经本干。
交信,主治,月经不调，崩漏，阴挺，泄泻，大便难，睾丸肿痛，五淋，疝气，阴痒，泻痢赤白，膝、股．内廉痛。
交信,配伍,配关元、三阴交治妇科疾患之月经不调；配太冲、血海、地机治崩漏；配中都治疝气；配阴陵泉治五淋；配中极治癃闭；配关元治阴挺。
交信,刺灸法,直刺０.５～１寸；可灸。
交信,附注,阴跷脉郄穴。
筑宾,拼音,Zhùbīn
筑宾,定位,在小腿内侧，当太溪与阴谷的连线上，太溪上5寸，腓肠肌肌腹的内下方。
筑宾,解剖,在腓肠肌和趾长屈肌之间；深部有胫后动、静脉；布有腓肠内侧皮神经和小腿内侧皮神经，深层为胫神经本干。
筑宾,主治,癫狂，痫证，呕吐涎沫，疝痛，小儿脐疝，小腿内侧痛。
筑宾,配伍,配肾俞、关元治水肿；配大敦、归来治疝气；配承山、合阳、阳陵泉治小腿痿、痹、瘫；配水沟、百会治癫、狂、痫证。
筑宾,刺灸法,直刺０.５～０.８寸；可灸。
筑宾,附注,阴维脉郄穴。
阴谷,拼音,Yīngǔ
阴谷,定位,在N窝内侧，屈膝时，当半腱肌肌腱与半膜肌肌腱之间。
阴谷,解剖,在半腱肌腱和半膜肌腱之间；有膝上内侧动、静脉；布有股内侧皮神经。
阴谷,主治,阳痿，疝痛，月经不调，崩漏，小便难，阴中痛，癫狂，膝股内侧痛。
阴谷,配伍,配照海、中极治癃闭；配大赫、曲骨、命门治寒疝、阳萎、早泄、月经不调、崩漏。
阴谷,刺灸法,直刺０.８～１.２寸；
阴谷,附注,肾经合穴。
横骨,拼音,Hénggǔ
横骨,定位,在下腹部，当脐中下５寸，前正中线旁开０.５寸。
横骨,解剖,有腹内、外斜肌腱膜，腹横肌腱膜及腹直肌；有腹壁下动、静脉及阴部外动脉；布有髂腹下神经分支。
横骨,主治,阴部痛，少腹痛，遗精，阳痿，遗尿，小便不通，疝气。
横骨,配伍,配中极、三阴交治癃闭；配关元、肾俞、志室、大赫治阳萎、遗精、崩漏、月经不调。
横骨,刺灸法,直刺０.８～１.２寸；可灸。
横骨,附注,冲脉、足少阴会穴。
大赫,拼音,Dàhè
大赫,定位,在下腹部，当脐中下４寸，前正中线旁开０.５寸。
大赫,解剖,在腹内、外斜肌腱膜，腹横肌腱膜及腹直肌中；有腹壁下动、静脉肌支；布有第十二肋间神经及髂腹下神经。
大赫,主治,阴部痛，子宫脱垂，遗精，带下，月经不调，痛经，不妊，泄泻，痢疾。
大赫,配伍,配阴交肾俞、带脉、大敦、中极治阳萎、遗精、带下；配命门、肾俞、志室、中极、关元治男科病、不育症。
大赫,刺灸法,直刺０.８～１.２寸；可灸。
大赫,附注,冲脉、足少阴会穴。
气穴,拼音,Qìxué
气穴,定位,在下腹部，当脐中下３寸，前正中线旁开０.５寸。
气穴,解剖,在腹内、外斜肌腱膜，腹横肌腱膜及腹直肌中；有腹壁下动、静脉肌支；布有第十二肋间神经及髂腹下神经。
气穴,主治,月经不调，白带，小便不通，泄泻，痢疾，腰脊痛，阳痿。
气穴,配伍,配天枢、大肠俞主消化不良；配中极、阴陵泉、膀胱俞主五淋、小便不利；配气海、三阴交、肾俞、血海治月经不调、血带、宫冷不孕、先兆流产、阳萎、不育症。
气穴,刺灸法,直刺或斜刺０.８～１.２寸；可灸。
气穴,附注,冲脉、足少阴会穴。
四满,拼音,Sìmǎn
四满,定位,在下腹部，当脐中下２寸，前正中线旁开０.５寸。
四满,解剖,在腹内、外斜肌腱膜，腹横肌腱膜及腹直肌中；有腹壁下动、静脉肌支；布有第十一肋间神经。
四满,主治,月经不调，崩漏，带下，不孕，产后恶露不净，小腹痛，遗精，遗尿，疝气，便秘，水肿。
四满,配伍,配气海、三阴交、大敦、归来治疝气、睾丸肿痛；配气海、三阴交、肾俞、血海治月经不调、带下、遗精等病症。
四满,刺灸法,直刺０.８～１.２寸；可灸。
四满,附注,冲脉、足少阴会穴。
中注,拼音,Zhōngzhù
中注,定位,在下腹部，当脐中下１寸，前正中线旁开０.５寸。
中注,解剖,在腹内、外斜肌腱膜，腹横肌腱膜及腹直肌中；有腹壁下动、静脉肌支；布有第十肋间神经。
中注,主治,月经不调，腰腹疼痛，大便燥结，泄泻，痢疾。
中注,配伍,配肾俞、委中、气海俞治腰背痛；配血海、肾俞、太冲、三阴交、阴交、中极治妇科病、月经不调、卵巢炎、睾丸炎、附件炎。
中注,刺灸法,直刺０.８～１.２寸；可灸。
中注,附注,冲脉、足少阴会穴。
肓俞,拼音,Huāngshū
肓俞,定位,在腹中部，当脐中旁开０.５寸。
肓俞,解剖,在腹内、外斜肌腱膜，腹横肌腱膜及腹直肌中；有腹壁下动、静脉肌支；布有第十肋间神经。
肓俞,主治,腹痛绕脐，呕吐，腹胀，痢疾，泄泻，便秘，疝气，月经不调，腰脊痛。
肓俞,配伍,配天枢、足三里、大肠俞治便秘、泄泻、痢疾；配中脘、足三里、内庭、天枢治胃痛、腹痛、疝痛、排尿、尿道涩痛等症。
肓俞,刺灸法,直刺０.８～１.２寸；可灸。
肓俞,附注,冲脉、足少阴会穴。
商曲,拼音,Shāngqū
商曲,定位,在上腹部，当脐中上２寸，前正中线旁开０.５寸。
商曲,解剖,在腹直肌内缘，有腹壁上下动、静脉分支；布有第九肋间神经。
商曲,主治,腹痛，泄泻，便秘，腹中积聚。
商曲,配伍,配中脘、大横治腹痛、腹胀；配支沟治便秘；配大肠俞、天枢、治泄泻、痢疾。
商曲,刺灸法,直刺０.５～０.８寸；可灸。
商曲,附注,冲脉、足少阴会穴。
石关,拼音,Shíguān
石关,定位,在上腹部，当脐中上３寸，前正中线旁开０.５寸。
石关,解剖,在腹直肌内缘，有腹壁上动、静脉分支；布有第九肋间神经。
石关,主治,呕吐，腹痛，便秘，产后腹痛，妇人不孕。
石关,配伍,配中脘、内关治胃痛、呕吐、腹胀；配三阴交、阴交、肾俞治先兆流产和不孕症
石关,刺灸法,直刺０.５～０.８寸；可灸。
石关,附注,冲脉、足少阴会穴。
阴都,拼音,Yīndū
阴都,定位,在上腹部，当脐中上４寸，前正中线旁开０.５寸。
阴都,解剖,在腹直肌内缘，有腹壁上动、静脉分支；布有第八肋间神经。
阴都,主治,腹胀，肠鸣，腹痛，便秘，妇人不孕，胸胁满，疟疾。
阴都,配伍,配巨阙治心中烦满；配三阴交、血海治闭经；配中脘、天枢、足三里、四缝治纳呆及小儿疳积。
阴都,刺灸法,直刺０.５～０.８寸；可灸。
阴都,附注,冲脉、足少阴会穴。
腹通谷,拼音,Fùtōnggǔ
腹通谷,定位,在上腹部，当脐中上５寸，前正中线旁开０.５寸。
腹通谷,解剖,在腹直肌内缘，有腹壁上动、静脉分支；布有第八肋间神经。
腹通谷,主治,腹痛，腹胀，呕吐，心痛，心悸，胸痛，暴喑。
腹通谷,配伍,配内关、中脘治胃气逆；配申脉、照海治癫痫、惊悸；配上脘、足三里治纳呆。
腹通谷,刺灸法,直刺或斜刺０.５～０.８寸；可灸。
腹通谷,附注,冲脉、足少阴会穴。
幽门,拼音,Yōumén
幽门,定位,在上腹部，当脐中上６寸，前正中线旁开０.５寸。
幽门,解剖,在腹直肌内缘，有腹壁上动、静脉分支；布有第七肋间神经。
幽门,主治,腹痛，呕吐，善哕，消化不良，泄泻，痢疾。
幽门,配伍,配玉堂治烦心呕吐；配中脘、建里治胃痛、噎嗝、呕吐；配天枢治腹胀、肠鸣、泄泻。
幽门,刺灸法,直刺０.５～０.８寸，不可深刺，以免伤及内脏；可灸。
幽门,附注,冲脉、足少阴会穴。
步廊,拼音,Bùláng
步廊,定位,在胸部，当第５肋间隙，前正中线旁开２寸。
步廊,解剖,在胸大肌起始部，有肋间外韧带及肋间内肌；有第五肋间动、静脉；布有第五肋间神经前皮支，深部为第五肋间神经。
步廊,主治,胸痛，咳嗽，气喘，呕吐，不嗜食，乳痈。
步廊,配伍,配定喘、列缺治外感和内伤咳喘；配心俞、内关治胸痹、心悸怔忡。
步廊,刺灸法,斜刺或平刺０.５～０.８寸，不可深刺，以免伤及内脏，可灸。
神封,拼音,Shénfēng
神封,定位,在胸部，当第４肋间隙，前正中线旁开２寸。
神封,解剖,在胸大肌中，有肋间外韧带及肋间内肌；有第四肋间动、静脉；布有第四肋间神经前皮支，深部为第四肋间神经。
神封,主治,咳嗽，气喘，胸胁支满，呕吐，不嗜食，乳痈。
神封,配伍,配阳陵泉、支沟治胸胁胀痛。
神封,刺灸法,斜刺或平刺０.５～０.８寸；可灸。
灵墟,拼音,Língxū
灵墟,定位,在胸部，当第３肋间隙，前正中线旁开２寸。
灵墟,解剖,在胸大肌中，有肋间外韧带及肋间内肌；有第三肋间动、静脉；布有第三肋间神经前皮支，深层为第三肋间神经。
灵墟,主治,咳嗽，气喘，痰多，胸胁胀痛，呕吐，乳痈。
灵墟,配伍,配足三里、中脘、内关治呕吐、纳呆；配神门、神藏治失眠健忘。
灵墟,刺灸法,斜刺或平刺０.５～０.８寸；可灸。
神藏,拼音,Shéncáng
神藏,定位,在胸部，当第２肋间隙，前正中线旁开２寸。
神藏,解剖,在胸大肌中，有肋间外韧带及肋间内肌；有第二肋间动、静脉；布有第二肋间神经前皮支，深层正当第二肋间神经。
神藏,主治,咳嗽，气喘，胸痛，烦满，呕吐，不嗜食。
神藏,配伍,配天突、内关、太冲治梅核气；配心俞、玉堂治胸痹、噎嗝、冠心病、心肌梗塞。
神藏,刺灸法,斜刺或平刺０.５～０.８寸；可灸。
中,拼音,Yùzhōng
中,定位,在胸部，当第１肋间隙，前正中线旁开２寸。
中,解剖,在胸大肌中，有肋间外韧带及肋间内肌；有第一肋间动、静脉；布有第一肋间神经前皮支，深层为第一肋间神经，皮下有锁骨上神经前支。
中,主治,咳嗽，气喘，痰壅，胸胁胀满，不嗜食。
中,配伍,配风门、肺俞治外邪袭肺；配天突、间使、华盖治咽喉肿痛。
中,刺灸法,斜刺或平刺０.５～０.８寸；可灸。
俞府,拼音,Shūfǔ
俞府,定位,在胸部，当锁骨下缘，前正中线旁开２寸。
俞府,解剖,在胸大肌中；有胸内动、静脉的前穿支；布有锁骨上神经前支。
俞府,主治,咳嗽，气喘，胸痛，呕吐，不嗜食。
俞府,配伍,配天突、肺俞、鱼际治咳嗽、咽痛；配足三里、合谷治胃气上逆之呕吐、呃逆。
俞府,刺灸法,斜刺或平刺０.５～０.８寸；可灸。
天池,拼音,Tiānchí
天池,定位,在胸部，当第4肋间隙，乳头外1寸，前正中线旁开5寸。
天池,解剖,在胸大肌外下部，胸小肌下部起端，深层为第四肋间内、外肌；有胸腹壁静脉，胸外侧动、静脉分支；布有胸前神经肌支及第四肋间神经。
天池,主治,胸闷，心烦，咳嗽，痰多，气喘，胸痛，腋下肿痛，瘰疬，疟疾，乳痈。
天池,配伍,配列缺、丰隆治咳嗽；配内关治心痛；配支沟治胁肋痛。
天池,刺灸法,斜刺或平刺０.５～０.８寸；可灸。本穴正当胸腔，内容心、肺，不宜深刺。
天池,附注,手厥阴、足少阳之会穴。
天泉,拼音,Tiānquán
天泉,定位,在臂内侧，当腋前纹头下２寸，肱二头肌的长、短头之间。
天泉,解剖,在肱二头肌的长短头之间；有肱动、静脉肌支；为臂内侧皮神经及肌皮神经分布处。
天泉,主治,心痛，胸胁胀满，咳嗽，胸背及上臂内侧痛。
天泉,配伍,配内关、通里治心痛、心悸；配肺俞、支沟治咳嗽、胸胁痛；配侠白、曲池、外关治上肢痿、痹、瘫、痛。
天泉,刺灸法,直刺０.５～０.８寸；可灸。
曲泽,拼音,Qūzé
曲泽,定位,在肘横纹中，当肱二头肌腱的尺侧缘。
曲泽,解剖,在肱二头肌腱的尺侧；当肱动、静脉处；布有正中神经的本干。
曲泽,主治,心痛，善惊，心悸，胃疼，呕吐，转筋，热病，烦躁，肘臂痛，上肢颤动，咳嗽。
曲泽,配伍,配神门、鱼际治呕血；配内关、大陵治心胸痛；配大陵、心俞、厥阴俞治心悸、心痛；配少商、尺泽、曲池治疗肘臂挛急、肩臂痛。
曲泽,刺灸法,直刺０.８～１寸，或者用三棱针刺血；可灸。
曲泽,附注,心包经合穴
郄门,拼音,Xìmén
郄门,定位,在前臂掌侧，当曲泽与大陵的连线上，腕横纹上５寸。
郄门,解剖,在桡侧腕屈肌腱与掌长肌腱之间，有指浅屈肌，深部为指深屈肌；有前臂正中动、静脉，深部为前臂掌侧骨间动、静脉；布有前臂内侧皮神经，其下为正中神经，深层有前臂掌侧骨间神经。
郄门,主治,心痛，心悸，胸痛，心烦，咳血，呕血，衄血，疔疮，癫疾。
郄门,配伍,配大陵止咯血；配曲泽、大陵治心痛；配梁丘、足三里、太冲治神经性呕吐；配内关治急性缺血性心肌损伤。
郄门,刺灸法,直刺０.５～１寸；可灸。
郄门,附注,心包经郄穴。
间使,拼音,Jiānshǐ
间使,定位,在前臂掌侧，当曲泽与大陵的连线上，腕横纹上３寸，掌长肌腱与桡侧腕屈肌腱之间。
间使,解剖,在桡侧腕屈肌腱与掌长肌腱之间，有指浅屈肌，深部为指深屈肌；有前臂正中动、静脉，深层为前臂掌侧骨间动、静脉；布有前臂内侧皮神经，前臂外侧皮神经，其下为正中神经掌皮支，最深层为前臂掌侧骨间神经。
间使,主治,心痛，心悸，胃痛，呕吐，热病，烦躁，疟疾，癫狂，痫证，腋肿，肘挛，臂痛。
间使,配伍,配支沟治疟疾；配尺泽治反胃、呕吐、呃逆；配水沟、太冲治癔病；配腰奇治癫痫。
间使,刺灸法,直刺０.５～１寸；可灸。
间使,附注,心包经经穴。
内关,拼音,Nèiguān
内关,定位,在前臂掌侧，当曲泽与大陵的连线上，腕横纹上２寸，掌长肌腱与桡侧腕屈肌腱之间。
内关,解剖,在桡侧腕屈肌腱与掌长肌腱之间，有指浅屈肌，深层为指深屈肌；有前臂正中动、静脉，深层为前臂掌侧骨间动、静脉；布有前臂内侧皮神经，下为正中神经掌皮支，最深层为前臂掌侧骨间神经。
内关,主治,心痛，心悸，胸痛，胃痛，呕吐，呃逆，失眠，癫狂，痫证，郁证，眩晕，中风，偏瘫，哮喘，偏头痛，热病，产后血晕，肘臂挛痛。
内关,配伍,配公孙治肚痛；配膈俞治胸满支肿；配中脘、足三里治胃脘痛、呕吐、呃逆；配外关、曲池治上肢不遂、手振颤。配患侧悬厘治偏头痛；配建里除胸闷。
内关,刺灸法,直刺０.５～１寸；可灸。
内关,附注,心包经络穴，八脉交会穴～通阴维脉。
大陵,拼音,Dàlíng
大陵,定位,在腕掌横纹的中点处，当掌长肌腱与桡侧腕屈肌腱之间。
大陵,解剖,在掌长肌腱与桡侧腕屈肌腱之间，有拇长屈肌和指深屈肌腱；有腕掌侧动、静脉网；布有前臂内侧皮神经，正中神经掌皮支，深层为正中神经本干。
大陵,主治,心痛，心悸，胃痛，呕吐，惊悸，癫狂，痫证，胸胁痛，腕关节疼痛，喜笑悲恐。
大陵,配伍,配劳宫治心绞痛、失眠；配外关、支沟治腹痛、便秘；配水沟、间使、心俞、丰隆治癫、狂、痫、惊悸。
大陵,刺灸法,直刺０.３～０.５寸；可灸。
大陵,附注,心包经输穴、原穴。
劳宫,拼音,Láogōng
劳宫,定位,在手掌心，当第２、３掌骨之间偏于第３掌骨，握拳屈指的中指尖处。
劳宫,解剖,在第二、三掌骨间，下为掌腱膜，第二蚓状肌及指浅、深屈肌腱，深层为拇指内收肌横头的起端，有骨间肌；有指掌侧总动脉；布有正中神经的第二指掌侧总神经。
劳宫,主治,中风昏迷，中暑，心痛，癫狂，痫证，口疮，口臭，鹅掌风。
劳宫,配伍,配后溪治三消、黄疸；配涌泉治五般痫。
劳宫,刺灸法,直刺０.３～０.５寸；可灸。
劳宫,附注,心包经荥穴。
中冲,拼音,Zhōngchōng
中冲,定位,在手中指末节尖端中央。
中冲,解剖,有指掌侧固有动、静脉所形成的动、静脉网；为正中神经之指掌侧固有神经分布处。
中冲,主治,中风昏迷，舌强不语，中暑，昏厥，小儿惊风，热病，舌下肿痛。
中冲,配伍,配内关、水沟治小儿惊风、中暑、中风昏迷等；配金津、玉液、廉泉治舌强不语、舌本肿痛；配商阳治耳聋时不闻音
中冲,刺灸法,浅刺0.1寸；或用三棱针点刺出血。
中冲,附注,心包经井穴。
关冲,拼音,Guānchōng
关冲,定位,在手环指末节尺侧，距指甲角０.１寸（指寸）。
关冲,解剖,有指掌固有动、静脉形成的动、静脉网；布有来自尺神经的指掌侧固有神经。
关冲,主治,头痛，目赤，耳聋，耳鸣，喉痹，舌强，热病，心烦。
关冲,配伍,配内关、人中治中暑、昏厥。
关冲,刺灸法,浅刺０.１寸，或有三棱针点刺出血；可灸。
关冲,附注,三焦经井穴。
液门,拼音,Yèmén
液门,定位,在手背部，当第４、５指间，指蹼缘后方赤白肉际处。
液门,解剖,有来自尺动脉的指背动脉；布有来自尺神经的手背支。
液门,主治,头痛，目赤，耳痛，耳鸣，耳聋，喉痹，疟疾，手臂痛。
液门,配伍,配鱼际治喉痛。
液门,刺灸法,直刺０.３～０.５寸；可灸。
液门,附注,三焦经荥穴。
中渚,拼音,Zhōngzhǔ
中渚,定位,在手背部，当环指本节（掌指关节）的后方，第４、５掌骨间凹陷处。
中渚,解剖,有第四骨间肌；皮下有手背静脉网及第四掌背动脉；布有来自尺神经的手背支。
中渚,主治,头痛，目眩，目赤，目痛，耳聋，耳鸣，喉痹，肩背肘臂酸痛，手指不能屈伸，脊膂痛，热病。
中渚,配伍,配角孙治耳鸣耳聋；配太白治大便难；配支沟、内庭治嗌痛。
中渚,刺灸法,直刺０.３～０.５寸；可灸。
中渚,附注,三焦经输穴。
阳池,拼音,Yángchí
阳池,定位,在腕背横纹中，当指总伸肌腱的尺侧缘凹陷处。
阳池,解剖,皮下有手背静脉网，第四掌背动脉；布有尺神经手背支及前臂背侧皮神经末支。
阳池,主治,腕痛，肩臂痛，耳聋，疟疾，消渴，口干，喉痹。
阳池,配伍,配合谷、尺泽、曲池、中渚治手臂拘挛。
阳池,刺灸法,直刺０.３～０.５寸；可灸。
阳池,附注,三焦经原穴。
外关,拼音,Wàiguān
外关,定位,在前臂背侧，当阳池与肘尖的连线上，腕背横纹上２寸，尺骨与桡骨之间。
外关,解剖,在桡骨与尺骨之间，指总伸肌与拇长伸肌之间，屈肘俯掌时则在指总伸肌的桡侧；深层有前臂骨间背侧动脉和掌侧动、静脉；布有前臂背侧皮神经，深层有前臂骨间背侧及掌侧神经。
外关,主治,热病，头痛，颊痛，耳聋，耳鸣，目赤肿痛，胁痛，肩背痛，肘臂屈伸不利，手指疼痛，手颤。
外关,配伍,配足临泣治颈项强痛、肩背痛；配大椎、曲池治外感热病；配阳陵泉治胁痛。
外关,刺灸法,直刺０.５～１寸；可灸。
外关,附注,三焦经络穴，八脉交会穴～通阳维脉。
支沟,拼音,Zhīgōu
支沟,定位,在前臂背侧，当阳池与肘尖的连线上，腕背横纹上３寸，尺骨与桡骨之间。
支沟,解剖,在桡骨与尺骨之间，指总伸肌与拇长伸肌之间，屈肘俯掌时则在指总伸肌的桡侧；深层有前臂骨间背侧和掌侧动、静脉；布有前臂背侧皮神经，深层有前臂骨间背侧及掌侧神经。
支沟,主治,暴喑，耳聋，耳鸣，肩背酸痛，胁肋痛，呕吐，便秘，热病。
支沟,配伍,配天枢治大便秘结；配双侧支沟治急性腰扭伤、胁痛。
支沟,刺灸法,直刺０.５～１寸；可灸。
支沟,附注,三焦经经穴。
会宗,拼音,Huìzōng
会宗,定位,在前臂背侧，当腕背横纹上３寸，支沟尺侧，尺骨的桡侧缘。
会宗,解剖,尺骨桡侧缘，在小指固有伸肌和尺侧腕伸肌之间；有前臂骨间背侧动、静脉；布有前臂背侧皮神经，深层有前臂骨间背侧神经和骨间掌侧神经。
会宗,主治,耳聋，痫证，上肢肌肤痛。
会宗,配伍,配听会、耳门治疗耳聋；配大包治上肢肌肉疼痛，软组织挫伤。
会宗,刺灸法,直刺０.５～１寸；可灸。
会宗,附注,三焦经郄穴。
三阳络,拼音,Sānyángluò
三阳络,定位,在前臂背侧，腕背横纹上4寸，尺骨与桡骨之间。
三阳络,解剖,在指总伸肌与拇长展肌起端之间；有前臂骨间背侧动、静脉；布有前臂背侧皮神经，深层为前臂骨间背侧神经。
三阳络,主治,暴喑，耳聋，手臂痛，龋齿痛。
三阳络,配伍,配曲池、合谷、肩井治中风后遗症上肢不遂。
三阳络,刺灸法,直刺０.５～１寸；可灸。
四渎,拼音,Sìdú
四渎,定位,在前臂背侧，当阳池与肘尖的连线上，肘尖下５寸，尺骨与桡骨之间。
四渎,解剖,在指总伸肌和尺侧腕伸肌之间；深层有前臂骨间背侧动、静脉；布有前臂背侧皮神经，深层有前臂骨间背侧神经。
四渎,主治,暴喑，暴聋，齿痛，呼吸气短，咽阻如梗，前臂痛。
四渎,配伍,配三阳络、消泺、肩s、天s、肩外俞治肩臂痛；配三阳络、阳溪治手指伸展不利，上肢不遂。
四渎,刺灸法,直刺０.５～１寸；可灸。
天井,拼音,Tiānjǐng
天井,定位,在臂外侧，屈肘时，当肘尖直上１寸凹陷处。
天井,解剖,在肱骨下端后面鹰嘴窝中，有肱三头肌腱；肘关节动、静脉网；布有臂背侧皮神经和桡神经肌支。
天井,主治,偏头痛，胁肋、颈项、肩臂痛，耳聋，瘰疬，瘿气，癫痫。
天井,配伍,配率谷治偏头痛；配天突治瘿气；配臂治瘰疬、瘾疹；配巨阙、心俞治精神恍惚。
天井,刺灸法,直刺０.５～１寸；可灸。
清冷渊,拼音,Qīnglěngyuān
清冷渊,定位,在臂外侧，屈肘时，当肘尖直上２寸，即天井上１寸。
清冷渊,解剖,在肱三头肌下部；有中侧副动、静脉末支；布有臂背侧皮神经及桡神经肌支。
清冷渊,主治,头痛，目黄，肩臂痛不能举。
清冷渊,配伍,配肩s、天s、俞、养老、合谷治上肢痿、痹、瘫、痛。
清冷渊,刺灸法,直刺０.５～１寸；可灸。
消泺,拼音,Xiāoluò
消泺,定位,在臂外侧，当清冷渊与会连线中点处。
消泺,解剖,在肱三头肌肌腹的中间；有中侧副动、静脉；布有臂背侧皮神经及桡神经。
消泺,主治,头痛，颈项强痛，臂痛，齿痛，癫疾。
消泺,配伍,配肩s、肩k、会、清冷渊治肩臂痛、上肢不遂、肩周炎。
消泺,刺灸法,直刺０.８～１寸；可灸。
会,拼音,Nàohuì
会,定位,在臂外侧，当肘尖与肩s的连线上，肩s下３寸，三角肌的后下缘。
会,解剖,在肱三头肌长头与外侧头之间；有中侧副动、静脉；布有臂背侧皮神经，桡神经肌支，深层为桡神经。
会,主治,肩臂痛，瘿气，瘰疬，目疾，肩胛肿痛。
会,配伍,配肩俞、肩贞治肩周炎；配肘s、外关治肘臂挛痛。
会,刺灸法,直刺０.５～１寸；可灸。
肩s,拼音,Jiānliáo
肩s,定位,在肩部，肩k后方，当臂外展时，于肩峰后下方呈现凹陷处。
肩s,解剖,在三角肌中；有旋肱后动脉；布有腋神经的肌支。
肩s,主治,臂痛，肩重不能举。
肩s,配伍,配天宗、曲垣治疗肩背疼痛；配肩井、天池、养老治上肢不遂、肩周炎。
肩s,刺灸法,直刺０.５～１寸；可灸。
天s,拼音,Tiānliáo
天s,定位,在肩胛部，肩井与曲垣的中间，当肩胛骨上角处。
天s,解剖,有斜方肌、冈上肌；有颈横动脉降支，深层为肩胛上动脉肌支；布有第一胸神经后支外侧皮支，副神经，深层为肩胛上神经肌支。
天s,主治,肩臂痛，颈项强痛，胸中烦满。
天s,配伍,配秉风、天宗、清冷渊、会治颈肩综合征、上肢不遂。
天s,刺灸法,直刺０.５～０.８寸；可灸。
天牖,拼音,Tiānyǒu
天牖,定位,在颈侧部，当乳突的后下方，平下颌角，胸锁乳突肌的后缘。
天牖,解剖,在胸锁乳突肌后缘；有枕动脉的肌支，耳后动、静脉及颈后浅静脉；布有枕小神经本干，深层为副神经，颈神经。
天牖,主治,头晕，头痛，面肿，目昏，暴聋，项强。
天牖,配伍,配外关、率谷、治偏头痛、耳鸣、耳聋、腮腺炎。
天牖,刺灸法,直刺０.８～１寸；可灸。
翳风,拼音,Yīfēng
翳风,定位,在耳垂后方，当乳突与下颌角之间的凹陷处。
翳风,解剖,有耳后动、静脉，颈外浅静脉；布有耳大神经，深部为面神经干从颅骨穿出处。
翳风,主治,耳鸣，耳聋，口眼沸保牙关紧闭，颊肿，瘰疬。
翳风,配伍,配地仓、承浆、水沟、合谷治口噤不开。
翳风,刺灸法,直刺０.８～１寸；可灸，勿直接灸。
瘛脉,拼音,Chìmài
瘛脉,定位,在头部，耳后乳突中央，当角孙与翳风之间，沿耳轮连线的中、下１/３的交点处。
瘛脉,解剖,在耳后肌上；有耳后动、静脉；布有耳大神经耳后支。
瘛脉,主治,头痛，耳聋，耳鸣，小儿惊痫，呕吐，泄痢。
瘛脉,配伍,配翳风、耳门、听宫、听会、百会治耳硬化症，提高听力。
瘛脉,刺灸法,平刺０.３～０.５寸，或点刺出血；可灸。
颅息,拼音,Lúxī
颅息,定位,在头部，当角孙与翳风之间，沿耳轮连线的上、中１/３的交点处。
颅息,解剖,有耳后动、静脉；布有耳大神经和枕大神经的吻合支。
颅息,主治,头痛、耳鸣、耳痛、小儿惊痫，呕吐涎沫。
颅息,配伍,配太冲治小儿惊痫、呕吐涎沫、S；配天冲、脑空、风池、太阳治偏头痛、头风病。
颅息,刺灸法,平刺０.２～０.５寸；可灸。
角孙,拼音,Jiǎosūn
角孙,定位,在头部，折耳廓向前，当耳尖直上入发际处。
角孙,解剖,有耳上肌；颞浅动、静脉耳前支；布有耳颞神经分支。
角孙,主治,耳部肿痛，目赤肿痛，目翳，齿痛，唇燥，项强，头痛。
角孙,配伍,率谷透角孙配足临泣治眩晕。
角孙,刺灸法,平刺０.３～０.５寸；可灸。
耳门,拼音,ěrmén
耳门,定位,在面部，当耳屏上切迹的前方，下颌骨髁状突后缘，张口有凹陷处。
耳门,解剖,有颞浅动、静脉耳前支；布有耳颞神经，面神经分支。
耳门,主治,耳聋，耳鸣，耳，齿痛，颈颔痛，唇吻强。
耳门,配伍,配丝竹空治牙痛；配兑端治上齿龋。
耳门,刺灸法,直刺０.５～１寸；可灸。
耳和s,拼音,ěrhéliáo
耳和s,定位,在头侧部，当鬓发后缘，平耳廓根之前方，颞浅动脉的后缘。
耳和s,解剖,有颞肌和颞浅动、静脉；布有耳颞神经分支，面神经颞支。
耳和s,主治,头重痛，耳鸣，牙关拘急，颔肿，鼻准肿痛，口渴
耳和s,配伍,配养老、完骨治耳聋。
耳和s,刺灸法,斜刺０.３～０.５；可灸。
耳和s,附注,手、足少阳，手太阳的交会穴。
丝竹空,拼音,Sīzhúkōng
丝竹空,定位,在面部，当眉梢凹陷处。
丝竹空,解剖,有眼轮匝肌；颞浅动、静脉额支；布有面神经颧眶支及耳颞神经分支。
丝竹空,主治,头痛，目眩，目赤痛，眼睑跳动，齿痛，癫痫。
丝竹空,配伍,配丝竹空止牙痛。
丝竹空,刺灸法,平刺０.５～１寸。不宜灸。
瞳子s,拼音,Tóngzǐliáo
瞳子s,定位,在面部，目外眦旁，当眶外侧缘处。
瞳子s,解剖,有眼轮匝肌，深层为颞肌；当颧眶动、静脉分布处；布有颧面神经和颧颞神经，面神经的额颞支。
瞳子s,主治,头痛，目赤，目痛，怕光羞明，迎风流泪，远视不明，内障，目翳。
瞳子s,配伍,配合谷、临泣、睛明治目生内障；配少泽治妇人乳肿；配养老、肝俞、光明、太冲、治疗视物昏花。
瞳子s,刺灸法,向后刺或斜刺０.３～０.５寸；或用三棱针点刺出血。
瞳子s,附注,手太阳，手、足少阳之会。
听会,拼音,Tīnghuì
听会,定位,在面部，当耳屏间切迹的前方，下颌骨髁突的后缘，张口有凹陷处。
听会,解剖,有颞浅动脉耳前支，深部为颈外动脉及面后静脉；布有耳大神经，皮下为面神经。
听会,主治,耳鸣，耳聋，流脓，齿痛，下颌脱臼，口眼沸保面痛，头痛。
听会,配伍,配颊车、地仓治中风口眼歪斜；配迎香治耳聋气痞；配耳门、听宫治下颌关节炎。
听会,刺灸法,直刺０.５寸；可灸。
上关,拼音,Shàngguān
上关,定位,在耳前，下关直下，当颧弓的上缘凹陷处。
上关,解剖,在颞肌中；有颧眶动、静脉；布有面神经的颧眶支及三叉神经小分支。
上关,主治,头痛，耳鸣，耳聋，耳，口眼沸保面痛，齿痛，惊痫，瘛S。
上关,配伍,配肾俞、翳风、太溪、听会治老年人肾虚耳鸣耳聋；配耳门、合谷、颊车治下颌关节炎、牙关紧闭。
上关,刺灸法,直刺０.５～０.８寸：可灸。
上关,附注,手少阳、足阳明之会。
颔厌,拼音,Hànyàn
颔厌,定位,在头部鬓发上，当头维与曲鬓弧形连线的上四分之一与下四分之三交点处。
颔厌,解剖,在颞肌中；有颞浅动、静脉额支；布有耳颞神经颞支。
颔厌,主治,头痛，眩晕，目外眦痛，齿痛，耳鸣，惊痫。
颔厌,配伍,配悬颅治偏头痛；透悬颅、悬厘，配外关、风池治眩晕。
颔厌,刺灸法,直刺０.３～０.４寸；可灸。
颔厌,附注,手少阳、足阳明之会。
悬颅,拼音,Xuánlu
悬颅,定位,在头部鬓发上，当头维与曲鬓弧形连线的中点处。
悬颅,解剖,在颞肌中；有颞浅动、静脉额支；布有耳颞神经颞支。
悬颅,主治,偏头痛，面肿，目外眦痛，齿痛。
悬颅,配伍,配颔厌、治偏头痛；配曲池、合谷治热病头痛。
悬颅,刺灸法,向后平刺０.５～０.８寸；可灸。
悬厘,拼音,Xuánlí
悬厘,定位,在头部鬓发上，当头维与曲鬓弧形连线的上四分之三与下四分之一交点处。
悬厘,解剖,在颞肌中；有颞浅动、静脉额支；布有耳颞神经颞支。
悬厘,主治,偏头痛，面肿，目外眦痛，耳鸣，上齿痛。
悬厘,配伍,配鸠尾治热病偏头痛引目外眦；配束骨治癫痫。
悬厘,刺灸法,向后平刺０.５～０.８寸；可灸。
悬厘,附注,手、足少阳，阳明之会。
曲鬓,拼音,Qūbìn
曲鬓,定位,在头部，当耳前鬓角发际后缘的垂线与耳尖水平线交点处。
曲鬓,解剖,在颞肌中；有颞浅动、静脉额支；布有耳颞神经颞支。
曲鬓,主治,偏头痛，颔颊肿，牙关紧闭，呕吐，齿痛，目赤肿痛，项强不得顾。
曲鬓,配伍,配风池、太冲治目赤肿痛；配下关、合谷、太冲治疗头痛、口噤不开。
曲鬓,刺灸法,向后平刺０.５～０.８寸；可灸。
曲鬓,附注,足太阳、少阳之会。
率谷,拼音,Shuàigǔ
率谷,定位,在头部，当耳尖直上入发际１.５寸，角孙直上方。
率谷,解剖,在颞肌中；有颞动、静脉顶支；布有耳颞神经和枕大神经会合支。
率谷,主治,头痛，眩晕，呕吐，小儿惊风。
率谷,配伍,配印堂、太冲、合谷治小儿急慢惊风、眩晕、耳鸣；配合谷、足三里治流行性腮腺炎。
率谷,刺灸法,平刺０.５～１寸；可灸。
率谷,附注,足太阳、少阳之会。
天冲,拼音,Tiānchōng
天冲,定位,在头部，当耳根后缘直上入发际２寸，率谷后０.５寸。
天冲,解剖,有耳后动、静脉；布有耳大神经支。
天冲,主治,头痛，齿龈肿痛，癫痫，惊恐，瘿气。
天冲,配伍,配目窗、风池治头痛。
天冲,刺灸法,平刺０.５～１寸；可灸。
天冲,附注,足太阳、少阳之会。
浮白,拼音,Fúbái
浮白,定位,在头部，当耳后乳突的后上方，天冲与完骨的弧形连线的中三分之一与上三分之一交点处。
浮白,解剖,有耳后动、静脉分支；布有耳大神经之分支。
浮白,主治,头痛，颈项强痛，耳鸣，耳聋，齿痛，瘰疬，瘿气，臂痛不举，足痿不行。
浮白,配伍,配风池、行间治偏头痛、目赤肿痛；配听会、中渚治耳鸣、耳聋；配肾俞、太溪、耳门治耳鸣、耳聋。
浮白,刺灸法,平刺０.５～０.８寸；可灸。
浮白,附注,足太阳、少阳之会。
头窍阴,拼音,Tóuqiàoyīn
头窍阴,定位,在头部，当耳后乳突的后上方，天冲与完骨的弧形连线的中三分之一与下三分之一交点处。
头窍阴,解剖,有耳后动、静脉之支；布有枕大神经和枕小神经会合支。
头窍阴,主治,头痛，眩晕，颈项强痛，胸胁痛，口苦，耳鸣，耳聋，耳痛。
头窍阴,配伍,配强间治头痛；配只支沟、太冲、风池治肝胆火盛之偏头痛或巅顶痛。
头窍阴,刺灸法,平刺０.５～０.８寸；可灸。
头窍阴,附注,足太阳、少阳之会。
完骨,拼音,Wángǔ
完骨,定位,在头部，当耳后乳突的后下方凹陷处。
完骨,解剖,在胸锁乳突肌附着部上方，有耳后动、静脉之支；布有枕小神经本干。
完骨,主治,头痛，颈项强痛，颊肿，喉痹，龋齿，口眼歪斜，癫痫，疟疾。
完骨,配伍,配风池、大杼治疟疾；配风池治癫疾僵仆；配风池、合谷治风热上犯喉痹、齿痛、痄腮、口歪。
完骨,刺灸法,斜刺０.５～０.８寸；可灸。
完骨,附注,足太阳、少阳之会。
本神,拼音,Běnshén
本神,定位,在头部，当前发际上０.５寸，神庭旁开３寸，神庭与头维连线的内三分之二与外三分之一交点处。
本神,解剖,在额肌中；有颞浅动、静脉额支和额动、静脉外侧支；布有额神经外侧支。
本神,主治,头痛，目眩，癫痫，小儿惊风，颈项强痛，胸胁痛，半身不遂。
本神,配伍,配前顶、囟会、天柱治小儿惊痫；配水沟、太阳、合谷、大椎、天柱、百会治中风不省人事、小儿惊风。
本神,刺灸法,平刺０.５～０.８寸；可灸。
本神,附注,足太阳、阳维之会。
阳白,拼音,Yángbái
阳白,定位,在前额部，当瞳孔直上，眉上１寸。
阳白,解剖,在额肌中；有额动、静脉外侧支；布有额神经外侧支。
阳白,主治,头痛，目眩，目痛，外眦疼痛，雀目。
阳白,配伍,配太阳、睛明、鱼腰治目赤肿痛、视物昏花、上睑下垂。
阳白,刺灸法,平刺０.５～０.８寸；可灸。
阳白,附注,足太阳、阳维之会。
头临泣,拼音,Tóulínqì
头临泣,定位,在头部，当瞳孔直上入前发际０.５寸，神庭与头维连线的中点处。
头临泣,解剖,在额肌中；有额动、静脉；布有额神经内、外支会合支。
头临泣,主治,头痛，目眩，目赤痛，流泪，目翳，鼻塞，鼻渊，耳聋，小儿惊痫，热病。
头临泣,配伍,配阳谷、腕骨、申脉治风眩；配肝俞治白翳；配大椎、腰奇、水沟、十宣治中风昏迷癫痫；配大椎、间使、胆俞、肝俞治疟疾。
头临泣,刺灸法,平刺０.５～０.８寸；可灸。
头临泣,附注,足太阳、少阳、阳维之会。
目窗,拼音,Mùchuāng
目窗,定位,在头部，当前发际上１.５寸，头正中线旁开２.２５寸。
目窗,解剖,在帽状腱膜中；有颞浅动、静脉额支；布有额神经内、外侧支会合支。
目窗,主治,头痛，目眩，目赤肿痛，远视，近视，面浮肿，上齿龋肿，小儿惊痫。
目窗,配伍,配关冲、风池治头疼；配陷谷治面目浮肿。
目窗,刺灸法,平刺０.５～０.８寸。可灸。
目窗,附注,足少阳、阳维之会。
正营,拼音,Zhèngyíng
正营,定位,在头部，当前发际上２.５寸，头正中线旁开２.２５寸。
正营,解剖,在帽状腱膜中；有颞浅动、静脉顶支和枕动、静脉吻合网；布有额神经和枕大神经的会合支。
正营,主治,头痛，头晕，目眩，唇吻强急，齿痛。
正营,配伍,配阳白、太冲、风池治疗头痛、眩晕、目赤肿痛。
正营,刺灸法,平刺０.５～０.８寸；可灸。
正营,附注,足少阳、阳维之会。
承灵,拼音,Chénglíng
承灵,定位,在头部，当前发际上４寸，头正中线旁开２.２５寸。
承灵,解剖,在帽状腱膜中；有枕动、静脉分支；布有枕大神经之支。
承灵,主治,头晕，眩晕，目痛，鼻渊，鼻衄，鼻窒，多涕。
承灵,配伍,配风池、风门、后溪治鼻衄。
承灵,刺灸法,平刺０.５～０.８寸；可灸。
承灵,附注,足少阳、阳维之会。
脑空,拼音,Nǎokōng
脑空,定位,在头部，当枕外隆凸的上缘外侧，头正中线旁开２.２５寸，平脑户。
脑空,解剖,在枕肌中；有枕动、静脉分支；布有枕大神经之支。
脑空,主治,头痛，颈项强痛，目眩，目赤肿痛，鼻痛，耳聋，癫痫，惊悸，热病。
脑空,配伍,配大椎、照海、申脉治癫狂痫证；配风池、印堂、太冲治头痛、目眩；配悬钟、后溪治颈项强痛。
脑空,刺灸法,平刺０.５～０.８寸；可灸。
脑空,附注,足少阳、阳维之会。
风池,拼音,Fēngchí
风池,定位,在项部，当枕骨之下，与风府相平，胸锁乳突肌与斜方肌上端之间的凹陷处。
风池,解剖,在胸锁乳突肌与斜方肌上端附着部之间的凹陷中，深层为头夹肌；有枕动、静脉分支；布有枕小神经之支。
风池,主治,头痛，眩晕，颈项强痛，目赤痛，目泪出，鼻渊，鼻衄，耳聋，气闭，中风，口眼歪斜，疟疾，热病，感冒，瘿气。
风池,配伍,配合谷、丝竹空治偏正头痛；配脑户、玉枕、风府、上星治目痛不能视；配百会、太冲、水沟、足三里、十宣治中风。
风池,刺灸法,针尖微下，向鼻尖方向斜刺０.５～０.８寸，或平刺透风府穴；可灸。
风池,附注,足少阳、阳维之会。
肩井,拼音,Jiānjǐng
肩井,定位,在肩上，前直乳中，当大椎与肩峰端连线的中点上。
肩井,解剖,有斜方肌，深层为肩胛提肌与冈上肌；有颈横动、静脉分支；布有腋神经分支，深层上方为桡神经。
肩井,主治,肩背痹痛，手臂不举，颈项强痛，乳痈，中风，瘰疬，难产，诸虚百损。
肩井,配伍,配足三里、阳陵泉治脚气酸痛；治疗乳腺炎特效穴。
肩井,刺灸法,直刺０.５～０.８寸，深部正当肺尖，慎不可深刺；可灸。
肩井,附注,足少阳、阳维之会。
渊腋,拼音,Yuānyè
渊腋,定位,在侧胸部，举臂，当腋中线上，腋下３寸，第４肋间隙中。
渊腋,解剖,有前锯肌和肋间内、外肌；有胸腹壁静脉，胸外侧动、静脉及第四肋间动、静脉；布有第四肋间神经外侧皮支，胸长神经之支。
渊腋,主治,胸满，肋痛，腋下肿，臂痛不举。
渊腋,配伍,配大包、支沟治胸肋痛、肋间神经痛。配条口透承山、天宗、俞治肩关节周围炎。
渊腋,刺灸法,斜刺０.５～０.８寸。
辄筋,拼音,Zhéjīn
辄筋,定位,在侧胸部，渊腋前１寸，平乳头，第４肋间隙中。
辄筋,解剖,在胸大肌外缘，有前锯肌，肋间内、外肌；有胸外侧动、静脉；布有第四肋间神经外侧皮支。
辄筋,主治,胸肋痛，喘息，呕吐，吞酸，腋肿，肩臂痛。
辄筋,配伍,配肺俞、定喘治胸闷喘息不得卧；配阳陵泉、支沟治胸胁痛。
辄筋,刺灸法,斜刺０.５～０.８寸；可灸。
日月,拼音,Rìyuè
日月,定位,在上腹部，当乳头直下，第７肋间隙，前正中线旁开４寸。
日月,解剖,有肋间内、外肌，肋下缘有腹外斜肌腱膜，腹内斜肌，腹横肌；有肋间动、静脉；布有第七或第八肋间神经。
日月,主治,胁肋疼痛，胀满，呕吐，吞酸，呃逆，黄疸。
日月,配伍,配胆俞治胆虚；配内关、中脘治呕吐、纳呆；配期门、阳陵泉治胆石症；配支沟、丘墟治胁胀痛；配胆俞、腕骨治黄疸。
日月,刺灸法,斜刺０.５～０.８寸；可灸。
日月,附注,足太阴、少阳之会。胆经募穴。
京门,拼音,Jīngmén
京门,定位,在侧腰部，章门后１.８寸，当十二肋骨游离端的下方。
京门,解剖,有腹内、外斜肌及腹横肌；有第十一肋间动、静脉；布有第十一肋间神经。
京门,主治,肠鸣，泄泻，腹胀，腰胁痛。
京门,配伍,配行间治腰痛不可久立仰俯；配身柱、筋缩、命门治脊强脊痛。
京门,刺灸法,斜刺０.５～０.８寸；可灸。
京门,附注,肾经募穴。
带脉,拼音,Dàimài
带脉,定位,在侧腹部，章门下１.８寸，当第１２肋骨游离端下方垂线与脐水平线的交点上。
带脉,解剖,有腹内、外斜肌及腹横肌；有第十二肋间动、静脉；布有第十二肋间神经。
带脉,主治,月经不调，赤白带下，疝气，腰胁痛。
带脉,配伍,配关元、气海、三阴交、白环俞、间使治赤白带下；配关元、足三里、肾俞、京门、次s治肾气虚带下；配中极、次s、行间、三阴交治湿热下注之带下。
带脉,刺灸法,直刺０.５～０.８寸；可灸。
带脉,附注,足少阳、带脉二经之会。
五枢,拼音,Wǔshū
五枢,定位,在侧腹部，当髂前上棘的前方，横平脐下３寸处。
五枢,解剖,有腹内、外斜肌及腹横肌；有旋髂浅、深动、静脉；布有髂腹下神经。
五枢,主治,阴挺，赤白带下，月经不调，疝气，少腹痛，便秘，腰胯痛。
五枢,配伍,五枢透维道、气海俞、阳陵泉对子宫全切术针麻。
五枢,刺灸法,直刺０.８～１.５寸；可灸。
五枢,附注,足少阳、带脉二经之会。
维道,拼音,Wéidào
维道,定位,在侧腹部，当髂前上棘的前下方，五枢前下０.５寸。
维道,解剖,在髂前上棘前内方，有腹内、外斜肌及腹横肌；有旋髂浅、深动、静脉；布有髂腹股沟神经。
维道,主治,腰胯痛，少腹痛，阴挺，疝气，带下，月经不调，水肿。
维道,配伍,配百会、气海、足三里、三阴交治气虚下陷之阴挺或带下症；配五枢、带脉、中极、太冲、三阴交治卵巢囊肿、闭经；配横骨、冲门、气冲、大敦治疝气。
维道,刺灸法,向前下方斜刺０.８～１.５寸；可灸。
维道,附注,足少阳、带脉之会。
居s,拼音,Jūliáo
居s,定位,在髋部，当髂前上棘与股骨大转子最凸点连线的中点处。
居s,解剖,有臀中肌，臀小肌；有臀上动、静脉下支；布有臀上皮神经及臀上神经。
居s,主治,腰腿痹痛，瘫痪，足痿，疝气。
居s,配伍,配环跳、委中治腿风湿痛。配腰夹脊穴L1～2、L3～5、环跳、跳跃、风市、阳陵泉、条口、悬钟治中风下肢瘫痪、根性坐骨神经痛、腓总神经麻痹。
居s,刺灸法,直刺或斜刺１.５～２寸；可灸。
居s,附注,阳跷、足少阳之会。
环跳,拼音,Huántiào
环跳,定位,在股外侧部，侧卧屈股，当股骨大转子最凸点与骶管裂孔连线的外三分之一与中三分之一交点处。
环跳,解剖,在臀大肌、梨状肌下缘；内侧为臀下动、静脉；布有臀下皮神经，臀下神经，深部正当坐骨神经。
环跳,主治,腰胯疼痛，半身不遂，下肢痿痹，遍身风疹，挫闪腰疼，膝踝肿痛不能转侧。
环跳,配伍,配风市治风痹；配太白、足三里、阳陵泉、丰隆、飞扬治下肢水潴留、静脉炎；配风市、膝阳关、阳陵泉、丘墟治胆经型坐骨神经痛；配居s、风市、中渎治股外侧皮神经炎；配髀关、伏兔、风市、犊鼻、足三里、阳陵泉、太冲、太溪治小儿麻痹，肌萎缩，中风半身不遂。
环跳,刺灸法,直刺２～２.５寸；可灸。
环跳,附注,足少阳、太阳二脉之会。
风市,拼音,Fēngshì
风市,定位,在大腿外侧部的中线上，当N横纹上７寸。或直立垂手时，中指尖处。
风市,解剖,在阔筋膜下，股外侧肌中；有旋股外侧动、静脉肌支；布有股外侧皮神经，股神经肌支。
风市,主治,中风半身不遂，下肢痿痹、麻木，遍身瘙痒，脚气。
风市,配伍,配风池、大杼、大椎、命门、关元、腰阳关、十七椎治中心型类风湿。
风市,刺灸法,直刺１～１.５寸；可灸。
中渎,拼音,Zhōngdú
中渎,定位,在大腿外侧，当风市下２寸，或N横纹上５寸，股外肌与股二头肌之间。
中渎,解剖,在阔筋膜下，股外侧肌中；有旋股外侧动、静脉肌支；布有股外侧皮神经，股神经肌支。
中渎,主治,下肢痿痹、麻木，半身不遂。
中渎,配伍,配环跳、风市、膝阳关、阳陵泉、足三里治中风后遗症、下肢瘫痪及小儿麻痹症。
中渎,刺灸法,直刺１～１.５寸；可灸。
膝阳关,拼音,Xīyángguān
膝阳关,定位,在膝外侧，当股骨外上髁上方的凹陷处。
膝阳关,解剖,在髂胫束后方，股二头肌腱前方；有膝上外侧动、静脉；布有股外侧皮神经末支。
膝阳关,主治,膝膑肿痛，N筋挛急，小腿麻木。
膝阳关,配伍,配环跳、承筋治胫痹不仁；配血海、膝关、犊鼻、丰隆、曲池、合谷治膝关节炎。
膝阳关,刺灸法,直刺０.８～１寸。
阳陵泉,拼音,Yánglíngquán
阳陵泉,定位,在小腿外侧，当腓骨小头前下方凹陷处。
阳陵泉,解剖,在腓骨长、短肌中；有膝下外侧动、静脉；当腓总神经分为腓浅神经及腓深神经处。
阳陵泉,主治,半身不遂，下肢痿痹、麻木，膝肿痛，脚气，胁肋痛，口苦，呕吐，黄疸，小儿惊风，破伤风。
阳陵泉,配伍,配曲池治半身不遂；配日月、期门、胆俞、至阳治黄疸、胆囊炎、胆结石；配足三里、上廉治胸胁痛。
阳陵泉,刺灸法,直刺或斜向下刺１～１.５寸；可灸。
阳交,拼音,Yángjiāo
阳交,定位,在小腿外侧，当外踝尖上７寸，腓骨后缘。
阳交,解剖,在腓骨长肌附着部；布有腓肠外侧皮神经。
阳交,主治,胸胁胀满疼痛，面肿，惊狂，癫疾，S，膝股痛，下肢痿痹。
阳交,配伍,配支沟、相应节段夹脊穴治带状疱疹之神经痛；配阳辅、绝骨、行间、昆仑、丘墟治两足麻木；配环跳、秩边、风市、伏兔、昆仑治风湿性腰腿痛～腰扭伤、坐骨神经痛、中风半身不遂之下肢瘫痪、小儿麻痹症。
阳交,刺灸法,直刺０.５～０.８寸；可灸。
阳交,附注,阳维脉郄穴。
外丘,拼音,Wàiqiū
外丘,定位,在小腿外侧，当外踝尖上７寸，腓骨前缘，平阳交。
外丘,解剖,在腓骨长肌和趾总伸肌之间，深层为腓骨短肌；有胫前动、静脉肌支；布有腓浅神经。
外丘,主治,颈项强痛，胸胁痛，疯犬伤毒不出，下肢痿痹，癫疾，小儿龟胸。
外丘,配伍,配腰奇、间使、丰隆、百会治癫痫；配环跳、伏兔、阳陵泉、阳交治下肢痿、痹、瘫；配陵后、足三里、条口、阳陵泉治腓总神经麻痹。
外丘,刺灸法,直刺０.５～０.８寸；可灸。
外丘,附注,胆经郄穴。
光明,拼音,Guāngmíng
光明,定位,在小腿外侧，当外踝尖上５寸，腓骨前缘。
光明,解剖,在趾长伸肌和腓骨短肌之间；有胫前动、静脉分支；布有腓浅神经。
光明,主治,目痛，夜盲，乳胀痛，膝痛，下肢痿痹，颊肿。
光明,配伍,配肝俞、肾俞、风池、目窗、睛明、行间治青光眼和早期白内障。
光明,刺灸法,直刺０.５～０.８寸；可灸。
光明,附注,胆经络穴。
阳辅,拼音,Yángfǔ
阳辅,定位,在小腿外侧，当外踝尖上４寸，腓骨前缘稍前方。
阳辅,解剖,在趾长伸肌和腓骨短肌之间；有胫前动、静脉分支；布有腓浅神经。
阳辅,主治,偏头痛，目外眦痛，缺盆中痛，腋下痛，瘰疬，胸、胁、下肢外侧痛，疟疾，半身不遂。
阳辅,配伍,配陵后、飞扬、金门治下肢痿痹瘫之足内翻畸型。
阳辅,刺灸法,直刺０.５～０.８寸。
阳辅,附注,胆经经穴。
悬钟,拼音,Xuánzhōng
悬钟,定位,在小腿外侧，当外踝尖上３寸，腓骨前缘。
悬钟,解剖,在腓骨短肌与趾长伸肌分歧处；有胫前动、静脉分支；布有腓浅神经。
悬钟,主治,半身不遂，颈项强痛，胸腹胀满，胁肋疼痛，膝腿痛，脚气，腋下肿。
悬钟,配伍,配内庭治心腹胀满；配昆仑、合谷、肩k、曲池、足三里治中风、半身不遂；配后溪、列缺治项强、落枕。
悬钟,刺灸法,直刺０.５～０.８寸；可灸。
悬钟,附注,八会穴～～髓会。
丘墟,拼音,Qiūxū
丘墟,定位,在外踝的前下方，当趾长伸肌腱的外侧凹陷处。
丘墟,解剖,在趾短伸肌起点；有外踝前动、静脉分支；布有足背中间皮神经分支及腓浅神经分支。
丘墟,主治,颈项痛，腋下肿，胸胁痛，下肢痿痹，外踝肿痛，疟疾，疝气，目赤肿痛，目生翳膜，中风偏瘫。
丘墟,配伍,配昆仑、绝骨治踝跟足痛；配中渎治胁痛；配大敦、阴市、照海治卒疝；配日月、期门、肝俞、胆俞、阳陵泉、腕骨治黄疸、胆道疾患。
丘墟,刺灸法,直刺０.５～０.８寸；可灸。
丘墟,附注,胆经原穴。
足临泣,拼音,Zúlínqì
足临泣,定位,在足背外侧，当足４趾本节（第４趾关节）的后方，小趾伸肌腱的外侧凹陷处。
足临泣,解剖,有足背静脉网，第四趾背侧动、静脉；布有足背中间皮神经。
足临泣,主治,头痛，目外眦痛，目眩，乳痈，瘰疬，胁肋痛，疟疾，中风偏瘫，痹痛不仁，足跗肿痛。
足临泣,配伍,配三阴交治痹证；配三阴交、中极治月事不利。
足临泣,刺灸法,直刺０.５～０.８寸；可灸。
足临泣,附注,胆经输穴；八脉交会穴～～通带脉。
地五会,拼音,Dìwǔhuì
地五会,定位,在足背外侧，当足４趾本节（第４趾关节）的后方，第４、５趾骨之间，小趾伸肌腱的内侧缘。
地五会,解剖,有足背静脉网，第四跖背侧动、静脉；布有足背中间皮神经。
地五会,主治,头痛，目赤痛，耳鸣，耳聋，胸满，胁痛，腋肿，乳痈，跗肿。
地五会,配伍,配耳门、足三里治耳鸣、腰痛。
地五会,刺灸法,直刺或斜刺０.５～０.８寸。
侠溪,拼音,Xiáxī
侠溪,定位,在足背外侧，当第４、５趾间，趾蹼缘后方赤白肉际处。
侠溪,解剖,有趾背侧动、静脉；布有足背中间皮神经之趾背侧神经。
侠溪,主治,头痛，眩晕，惊悸，耳鸣，耳聋，目外眦赤痛，颊肿，胸胁痛，膝股痛，足跗肿痛，疟疾。
侠溪,配伍,配太阳、太冲、阳白、风池、头临泣治眩晕、偏头痛、耳鸣耳聋、目外眦痛。
侠溪,刺灸法,直刺或斜刺０.３～０.５寸；可灸。
侠溪,附注,胆经荥穴。
足窍阴,拼音,Zúqiàoyīn
足窍阴,定位,在第４趾末节外侧，距趾甲角０.１寸。
足窍阴,解剖,有趾背侧动、静脉和趾跖动脉形成的动脉网；布有趾背侧神经。
足窍阴,主治,偏头痛，目眩，目赤肿痛，耳聋，耳鸣，喉痹，胸胁痛，足跗肿痛，多梦，热病。
足窍阴,配伍,配太冲、太溪、内关、太阳、风池、百会治神经性头痛、高血压病、肋间神经痛、胸膜炎、急性传染性结膜炎、神经性耳聋等；配阳陵泉、期门、支沟、太冲治胆道疾患；配水沟、太冲、中冲、百会、风池急救中风昏迷。
足窍阴,刺灸法,直刺０.１～０.２寸；可灸。
足窍阴,附注,胆经经穴。
大敦,拼音,Dàdūn
大敦,定位,在足大指末节外侧，距趾甲角０.１寸。
大敦,解剖,有足趾背动、静脉；布有腓神经的趾背神经。
大敦,主治,疝气，缩阴，阴中痛，月经不调，血崩，尿血，癃闭，遗尿，淋疾，癫狂，痫证，少腹痛。
大敦,配伍,配内关、水沟治癫、狂、痫和中风昏仆；配膻中、天突、间使治梅核气。
大敦,刺灸法,斜刺0.1～0.2寸，或用三陵针点刺出血；可灸。
大敦,附注,肝经井穴。
行间,拼音,Xíngjiān
行间,定位,在足背侧，当第1、2趾间，趾蹼缘的后方赤白肉际处。
行间,解剖,有足背静脉网；第一趾背侧动、静脉；腓神经的跖背侧神经分为趾背神经的分歧处。
行间,主治,月经过多，闭经，痛经，白带，阴中痛，遗尿，淋疾，疝气，胸胁满痛，呃逆，咳嗽，洞泻，头痛，眩晕，目赤痛，青盲，中风，癫痫，瘛S，失眠，口罚膝肿，下肢内侧痛，足跗肿痛。
行间,配伍,配睛明治青光眼、降眼压；配太冲、合谷、、风池、百会治肝火上炎、头痛、眩晕、衄血；配中脘、肝俞、胃俞治肝气犯胃之胃痛；配中府、孔最治肝火犯肺干咳或咯血。
行间,刺灸法,直刺0.5～0.8寸；可灸。
行间,附注,肝经荥穴。
太冲,拼音,Tàichōng
太冲,定位,在足背侧，当第1跖骨间隙的后方凹陷处。
太冲,解剖,在拇长伸肌腱外缘；有足背静脉网，第一跖背侧动脉；布有腓深神经的跖背侧神经，深层为胫神经足底内侧神经。
太冲,主治,头痛，眩晕，疝气，月经不调，癃闭，遗尿，小儿惊风，癫狂，痫证，胁痛，腹胀，黄疸，呕逆，咽痛嗌干，目赤肿痛，膝股内侧痛，足跗肿，下肢痿痹。
太冲,配伍,配大敦治七疝；泻太冲、补太溪、复溜治肝阳上亢之眩晕；配合谷为开四关又治四肢抽搐；配肝俞、膈俞、太溪、血海治贫血、羸瘦；配间使、鸠尾、心俞、肝俞治癫狂痫。
太冲,刺灸法,直刺0.5～0.8寸；可灸。
太冲,附注,肝经输穴、原穴。
中封,拼音,Zhōngfēng
中封,定位,在足背侧，当足内踝前，商丘与解溪连线之间，胫骨前肌腱的内侧凹陷处。
中封,解剖,在胫骨前肌腱的内侧；有足背静脉网；布有足背侧皮神经的分支及隐神经。
中封,主治,疝气，阴茎痛，遗精，小便不利，黄疸，胸腹胀满，腰痛，足冷，内踝肿痛。
中封,配伍,配胆俞、阳陵泉、太冲、内庭泄热舒肝，治黄疸、疟疾；配足三里、阴廉治阴缩入腹、阴茎痛、遗精、淋症、小便不利。
中封,刺灸法,直刺0.5～0.8寸；可灸。
中封,附注,肝经经穴。
蠡沟,拼音,Lìgōu
蠡沟,定位,在小腿内侧，当足内踝尖上5寸，胫骨内侧面的中央。
蠡沟,解剖,在胫骨内侧面下三分之一处；其内后侧有大隐静脉；布有隐神经的前支。
蠡沟,主治,月经不调，赤白带下，阴挺，阴痒，疝气，小便不利，睾丸肿痛，小腹痛，腰背拘急不可俯仰，胫部酸痛。
蠡沟,配伍,配百虫窝、阴陵泉、三阴交治滴虫性阴道炎；配中都、地机、中极、三阴交治月经不调、带下症、睾丸炎；配大敦、气冲治睾肿、卒疝、赤白带下。
蠡沟,刺灸法,平刺0.5～0.8寸；可灸。
蠡沟,附注,肝经络穴。
中都,拼音,Zhōngdū
中都,定位,在小腿内侧，当足内踝尖上7寸，胫骨内侧面的中央。
中都,解剖,在胫骨内侧面中央；其内后侧有大隐静脉；布有隐神经的中支。
中都,主治,胁痛，腹胀，泄泻，疝气，小腹痛，崩漏，恶露不尽。
中都,配伍,配血海、三阴交治月经过多和崩漏、产后恶露不绝；配合谷、次s、三阴交治痛经；配脾俞、阴陵泉治白带症；配足三里、梁丘治肝木乘土之腹胀、泄泻；配太冲治疝气；配三阴交、阴陵泉、膝阳关、膝关、伏兔、箕门治下肢痿痹瘫痛。
中都,刺灸法,平刺０.５～０.８寸；可灸。
中都,附注,肝经郄穴。
膝关,拼音,Xīguān
膝关,定位,在小腿内侧，当胫骨内髁的后下方，阴陵泉后1寸，腓肠肌内侧头的上部。
膝关,解剖,在胫骨内侧后下方，腓肠肌内侧头的上部；深部有胫后动脉；布有腓肠内侧皮神经，深层为胫神经。
膝关,主治,膝膑肿痛，寒湿走注，历节风痛，下肢痿痹。
膝关,配伍,配足三里、血海、阴市、阳陵泉、髀关、伏兔、丰隆治中风下肢不遂、小儿麻痹等；配委中、足三里治两膝红肿疼痛。
膝关,刺灸法,直刺０.８～１寸；可灸。
曲泉,拼音,Qūquán
曲泉,定位,在膝内侧，屈膝，当膝关节内侧端，股骨内侧髁的后缘，半腱肌、半膜肌止端的前缘凹陷处。
曲泉,解剖,在胫骨内髁后缘，半膜肌、半腱肌止点前上方；有大隐静脉，膝最上动脉；布有隐神经、闭孔神经，深向N窝可及胫神经。
曲泉,主治,月经不调，痛经，白带，阴挺，阴痒，产后腹痛，遗精，阳痿，疝气，小便不利，头痛，目眩，癫狂，膝膑肿痛，下肢痿痹。
曲泉,配伍,配丘墟、阳陵泉治胆道疾患；配肝俞、肾俞、章门、商丘、太冲治肝炎；配复溜、肾俞、肝俞治肝肾阴虚之眩晕、翳障眼病；配支沟、阳陵泉治心腹疼痛、乳房胀痛、疝痛；配归来、三阴交治肝郁气滞之痛经、月经不调。
曲泉,刺灸法,直刺１～１.５寸；可灸。
曲泉,附注,肝经合穴。
阴包,拼音,Yīnbāo
阴包,定位,在大腿内侧，当股骨上髁上4寸，股内肌与缝匠肌之间。
阴包,解剖,在股内肌与缝匠肌之间，内收长肌中点，深层为内收短肌；有股动、静脉，旋股内侧动脉浅支；布有股前皮神经，闭孔神经浅、深支。
阴包,主治,月经不调，遗尿，小便不利，腰骶痛引小腹。
阴包,配伍,配交信治月经不调；配关元、肾俞治气虚不固之遗尿；配箕门、足五里、血海治膝股内侧疼痛，小儿麻痹的肌萎缩。
阴包,刺灸法,直刺０.８～１寸；可灸。
足五里,拼音,Zúwǔli
足五里,定位,在大腿内侧，当气冲直下3寸，大腿根部，耻骨结节的下方，长收肌的外缘。
足五里,解剖,有内收长肌，内收短肌；有股内侧动脉浅支；布有闭孔神经浅支和深支。
足五里,主治,少腹胀痛，小便不通，阴挺，睾丸肿痛，嗜卧，四肢倦怠，颈疬。
足五里,配伍,配三阳络、天井、历兑、三间治嗜卧欲动摇。
足五里,刺灸法,直刺０.５～０.８寸；可灸。
阴廉,拼音,Yīnlián
阴廉,定位,在大腿内侧，当气冲直下2寸，大腿根部，耻骨结节的下方，长收肌的外缘。
阴廉,解剖,有内收长肌和内收短肌；有旋股内侧动、静脉的分支；布有股神经的内侧皮支，深层为闭孔神经的浅支和深支。
阴廉,主治,月经不调，赤白带下，少腹疼痛，股内侧痛，下肢挛急。
阴廉,配伍,配曲骨、次s、三阴交治湿热下注之月经不调、白带多、阴门搔痒、股癣等；配肾俞、大赫、命门、太溪治妇人不孕、男子不育症；配委中、次s、膀胱俞治膀胱炎、膀胱结石。
阴廉,刺灸法,直刺０.８～１寸；可灸。
急脉,拼音,Jímài
急脉,定位,在耻骨结节的外侧，当气冲外下腹股沟股动脉搏动处，前正中线旁开2.5寸。
急脉,解剖,有阴部外动、静脉分支及腹壁下动、静脉的耻骨支，外方有股静脉；布有髂腹股沟神经，深层为闭孔神经的分支。
急脉,主治,疝气，阴挺，阴茎痛，少腹痛，股内侧痛。
急脉,配伍,配大敦治疝气、阴挺、阴茎痛、阳痿；配阴包、箕门、曲泉、足五里治下肢痿瘫、小儿麻痹。
急脉,刺灸法,直刺０.５～１寸；可灸。
章门,拼音,Zhāngmén
章门,定位,在侧腹部，当第11肋游离端的下方。
章门,解剖,有腹内、外斜肌及腹横肌；有肋间动脉末支；布有第十、十一肋间神经；右侧当肝脏下缘，左侧当脾脏下缘。
章门,主治,腹痛，腹胀，肠鸣，泄泻，呕吐，神疲肢倦，胸胁痛，黄疸，痞块，小儿疳积，腰脊痛。
章门,配伍,配足三里治荨麻疹、组织胺过敏症；配天枢、脾俞、中脘、足三里治肝脾不和之腹胀、痞块、胁痛、泄泻、消瘦；配肾俞、肝俞、水道、京门、阴陵泉、三阴交、阳谷、气海治肝硬化腹水、肾炎。
章门,刺灸法,斜刺０.５～０.８寸；可灸。
章门,附注,脾经募穴，八会穴之脏会。
期门,拼音,Qīmén
期门,定位,在胸部，当乳头直下，第6肋间隙，前正中线旁开4寸。
期门,解剖,有腹直肌，肋间肌；有肋间动、静脉；布有第六、七肋间神经。
期门,主治,胸胁胀满疼痛，呕吐，呃逆，吞酸，腹胀，泄泻，饥不欲食，胸中热，咳喘，奔豚，疟疾，伤寒热入血室。
期门,配伍,配大敦治疝气；配肝俞、公孙、中脘、太冲、内关治肝胆疾患、胆囊炎、胆结石及肝气郁结之胁痛、食少、乳少、胃痛、呕吐、呃逆、食不化、泄泻等。
期门,刺灸法,斜刺０.５～０.８寸；可灸。
期门,附注,肝经募穴。
长强,拼音,Chángqiáng
长强,定位,在尾骨端下，当尾骨端与肛门连线的中点处。
长强,解剖,在肛尾膈中；有肛门动、静脉分支，棘间静脉丛之延续部；布有尾神经及肛门神经。
长强,主治,泄泻，痢疾，便秘，便血，痔疾，癫狂，脊强反折，癃淋，阴部湿痒，腰脊、尾骶部疼痛。
长强,配伍,配二白、阴陵泉、上巨虚、三阴交治痔疮（湿热下注型）；配精官、二白、百会（灸）治脱肛、痔疮。
长强,刺灸法,斜刺，针尖向上与骶骨平行刺入0.5～1寸。不得刺穿直肠，以防感染，不灸。
腰俞,拼音,Yāoshū
腰俞,定位,在骶部，当后正中线上，适对骶管裂孔。
腰俞,解剖,在骶后韧带、腰背筋膜中；有骶中动、静脉后支，棘间静脉丛；布有尾神经分支。
腰俞,主治,腰脊强痛，腹泻，便秘，痔疾，脱肛，便血，癫痫，淋浊，月经不调，下肢痿痹。
腰俞,配伍,配膀胱俞（灸）、长强、气冲、上s、下s、居s治腰脊冷痛；配太冲治脊强反折、抽搐。
腰俞,刺灸法,向上斜刺0.5～1寸；可灸。
腰阳关,拼音,Yāoyángguān
腰阳关,定位,在腰部，当后正中线上，第４腰椎棘突下凹陷中。
腰阳关,解剖,在腰背筋膜、棘上韧带及棘间韧带中；有腰动脉后支，棘间皮下静脉丛；布有腰神经后支的内侧支。
腰阳关,主治,腰骶疼痛，下肢痿痹，月经不调，赤白带下，遗精，阳萎，便血。
腰阳关,配伍,补腰阳关、肾俞、次s、泻委中治腰脊痛、四肢厥冷、小便频数；配腰夹脊、秩边、承山、飞扬治坐骨神经痛、腰腿痛；配膀胱俞、三阴交治遗尿、尿频。
腰阳关,刺灸法,直刺0.5～1寸；可灸。
命门,拼音,Mìngmén
命门,定位,在腰部，当后正中线上，第２腰椎棘突下凹陷中。
命门,解剖,在腰背筋膜、棘上韧带及棘间韧带中；有腰动脉后支及棘间皮下静脉丛；布有腰神经后支内侧支。
命门,主治,虚损腰痛，脊强反折，遗尿，尿频，泄泻，遗精，白浊，阳萎，早泄，赤白带下，胎屡坠，五劳七伤，头晕耳鸣，癫痫，惊恐，手足逆冷。
命门,配伍,配肾俞、太溪治遗精、早泄、腰脊酸楚、足膝无力、遗尿、癃闭、水肿、头昏耳鸣等肾阳亏虚之症；配百会、筋缩、腰阳关治破伤风抽搐；灸命门、隔盐灸神阙治中风脱症；配关元、肾俞、神阙（艾灸）治五更泄；补命门、肾俞、三阴交治肾虚腰痛；泻命门、阿是穴、委中、腰夹脊穴治腰扭伤痛和肥大性脊柱炎；配十七椎、三阴交治痛经（寒湿凝滞型）（艾灸）；配大肠俞、膀胱俞、阿是穴（灸）治寒湿痹腰痛。
命门,刺灸法,直刺0.5～1寸；可灸。
悬枢,拼音,Xuánshū
悬枢,定位,在腰部，当后正中线上，第１腰椎棘突下凹陷中。
悬枢,解剖,在腰背筋膜、棘上韧带及棘间韧带中；有腰动脉后支及棘间皮下静脉丛；布有腰神经后支内侧支。
悬枢,主治,腰脊强痛，腹胀，腹痛，完谷不化，泄泻，痢疾。
悬枢,配伍,配委中、肾俞治腰脊强痛；配足三里、太白治完谷不化、泄泻。
悬枢,刺灸法,直刺0.5～1寸；可灸。
脊中,拼音,Jìzhōng
脊中,定位,在背部，当后正中线上，第１１胸椎棘突下凹陷中。
脊中,解剖,在腰背筋膜、棘上韧带及棘间韧带中；有第十一肋间动脉后支，棘间皮下静脉丛；布有第十一胸神经后支内侧支。
脊中,主治,腰脊强痛，黄疸，腹泻，痢疾，小儿疳积，痔疾，脱肛，便血，癫痫。
脊中,配伍,配足三里、中脘治腹胀胃痛；配上巨虚、下巨虚治腹泻痢疾；配鸠尾、大椎、丰隆治癫痫；配肾俞、太溪治腰膝痛；配至阳、阳陵泉、胆俞治黄疸。
脊中,刺灸法,斜刺0.5～1寸。
中枢,拼音,Zhōngshū
中枢,定位,在背部，当后正中线上，第１０胸椎棘突下凹陷中。
中枢,解剖,在腰背筋膜、棘上韧带及棘间韧带中；有第十肋间动脉后支，棘间皮下静脉丛；布有第十胸神经后支之内侧支。
中枢,主治,黄疸，呕吐，腹满，胃痛，食欲不振，腰背痛。
中枢,配伍,配命门、腰眼、阳陵泉、后溪治腰脊痛。
中枢,刺灸法,斜刺0.5～1寸；可灸。
筋缩,拼音,Jīnsuò
筋缩,定位,在背部，当后正中线上，第９胸椎棘突下凹陷中。
筋缩,解剖,在腰背筋膜、棘上韧带及棘间韧带中；有第九肋间动脉后支，棘间皮下静脉丛；布有第九胸神经后支内侧支。
筋缩,主治,癫狂，惊痫，抽搐，脊强，背痛，胃痛，黄疸，四肢不收，筋挛拘急。
筋缩,配伍,配角孙、瘛脉治小儿惊痫、瘛S、角弓反张；配通里治癫痫；配水道治脊强。
筋缩,刺灸法,斜刺0.5～1寸；可灸。
至阳,拼音,Zhìyáng
至阳,定位,在背部，当后正中线上，第７胸椎棘突下凹陷中。
至阳,解剖,在腰背筋膜、棘上韧带及棘间韧带中；有第七肋间动脉后支，棘间皮下静脉丛；布有第七胸神经后支内侧支。
至阳,主治,胸胁胀痛，腹痛黄疸，咳嗽气喘，腰背疼痛，脊强，身热。
至阳,配伍,配曲池、阳陵泉、脾俞治黄疸；配天枢、大肠俞治腹胀、肠鸣、泄泻；配内关、神门治心悸、心痛。
至阳,刺灸法,斜刺0.5～1寸；可灸。
灵台,拼音,Língtái
灵台,定位,在背部，当后正中线上，第６胸椎棘突下凹陷中。
灵台,解剖,在腰背筋膜、棘上韧带及棘间韧带中；有第六肋间动脉后支，棘间皮下静脉丛；布有第六胸神经后支内侧支。
灵台,主治,咳嗽，气喘，项强，脊痛，身热，疔疮。
灵台,配伍,配陶道、内关治间日疟；配合谷（泻法）、委中（放血）治疔疮；配阳陵泉、支沟治胸胁痛；配身柱、至阳治背痛；配胆俞、阳陵泉、太冲治黄疸。
灵台,刺灸法,斜刺0.5～1寸；可灸。
神道,拼音,Shéndào
神道,定位,在背部，当后正中线上，第５胸椎棘突下凹陷中。
神道,解剖,在腰背筋膜、棘上韧带及棘间韧带中；有第五肋间动脉后支，棘间皮下静脉丛；布有第五胸神经后支内侧支。
神道,主治,心痛，惊悸，怔忡，失眠健忘，中风不语，癫痫，腰脊强，肩背痛，咳嗽，气喘。
神道,配伍,配关元治身热头痛；配神门治健忘惊悸；配百会、三阴交治失眠健忘、小儿惊风、痫症；配心俞、厥阴俞、内关、通里、曲泽治胸痹。
神道,刺灸法,斜刺0.5～1寸；可灸。
身柱,拼音,Shēnzhù
身柱,定位,在背部，当后正中线上，第３胸椎棘突下凹陷中。
身柱,解剖,在腰背筋膜、棘上韧带及棘间韧带中；有第三肋间动脉后支，棘间皮下静脉丛；布有第三胸神经后支内侧支。
身柱,主治,身热头痛，咳嗽，气喘，惊厥，癫狂痫证，腰脊强痛，疔疮发背。
身柱,配伍,配水沟、内关、丰隆、心俞治癫狂痫；配风池、合谷、大椎治肺热、咳嗽；配灵台、合谷、委中（泻法）治疔毒。
身柱,刺灸法,斜刺0.5～1寸；可灸。
陶道Táodào,定位,在背部，当后正中线上，第１胸椎棘突下凹陷中。
陶道Táodào,解剖,在腰背筋膜、棘上韧带及棘间韧带中；有第一肋间动脉后支，棘间皮下静脉丛；布有第一胸神经后支内侧支。
陶道Táodào,主治,头痛项强，恶寒发热，咳嗽，气喘，骨蒸潮热，胸痛，脊背酸痛，疟疾，癫狂，角弓反张。
陶道Táodào,配伍,配丰隆、水沟、神门、心俞治癫狂痫；配大椎、间使、后溪治疟疾；配合谷、曲池、风池治外感病；配肾俞、腰阳关、委中治胸背痛。
陶道Táodào,刺灸法,斜刺0.5～1寸；可灸。
大椎,拼音,Dàzhuī
大椎,定位,在后正中线上，第７颈椎棘突下凹陷中。
大椎,解剖,在腰背筋膜、棘上韧带及棘间韧带中；有颈横动脉分支，棘间皮下静脉丛；布有第八颈神经后支内侧支。
大椎,主治,热病，疟疾，咳嗽，喘逆，骨蒸潮热，项强，肩背痛，腰脊强，角弓反张，小儿惊风，癫狂痫证，五劳虚损，七伤乏力，中暑，霍乱，呕吐，黄疸，风疹。
大椎,配伍,配肺俞治虚损、盗汗、劳热；配间使、乳根治脾虚发疟；配四花穴治百日咳（双膈俞、双胆俞）；配曲池预防流脑；配合谷治白血球减少；配足三里、命门提高机体免疫力；配大椎、定喘、孔最治哮喘；配曲池、合谷泻热；配腰奇、间使治癫痫。
大椎,刺灸法,斜刺0.5～1寸；可灸。
哑门,拼音,Yamén
哑门,定位,在项部，当后发际正中直上０.５寸，第１颈椎下。
哑门,解剖,在项韧带和项肌中，深部为弓间韧带和脊髓；有枕动、静脉分支及棘间静脉丛；布有第三颈神经和枕大神经支。
哑门,主治,舌缓不语，音哑，头重，头痛，颈项强急，脊强反折，中风尸厥，癫狂，痫证，癔病，衄血，重舌，呕吐。
哑门,配伍,泻哑门、听会、外关（或中渚）、丘墟治高热或疟疾所致耳聋；配人中、廉泉治舌强不语、暴喑、咽喉炎；配百会、人中、丰隆、后溪治癫狂、癫痫。配风池、风府治中风失语、不省人事；配劳宫、三阴交、涌泉等九穴为回阳九针，可以开窍醒神治昏厥；配脑户、百会、风池、太溪、昆仑、肾俞治大脑发育不全；针哑门、肾俞、太溪治疗贫血。
哑门,刺灸法,伏案正坐位，使头微前倾，项肌放松，向下颌方向缓慢刺入0.5～1寸。
风府,拼音,Fēngfu
风府,定位,在项部，当后发际正中直上１寸，枕外隆凸直下，两侧斜方肌之间凹陷处。
风府,解剖,在项韧带和项肌中，深部为环枕后膜和小脑延髓池；有枕动、静脉分支及棘间静脉丛；布有第三颈神经和枕大神经支。
风府,主治,癫狂，痫证，癔病，中风不语，悲恐惊悸，半身不遂，眩晕，颈项强痛，咽喉肿痛，目痛，鼻衄。
风府,配伍,配腰俞治足不仁；配昆仑治癫狂、多言；配二间、迎香治鼽衄；配金津、玉液、廉泉治舌强难言。
风府,刺灸法,伏案正坐位，使头微前倾，项肌放松，向下颌方向缓慢刺入0.5～1寸。针尖不可向上，以免刺入枕骨大孔，误伤延髓。
脑户,拼音,Naohù
脑户,定位,在头部，后发际正中直上２.５寸，风府上１.５寸，枕外隆凸的上缘凹陷处。
脑户,解剖,在左右枕骨肌之间；有左右枕动、静脉分支，深层常有导血管；布有枕大神经分支。
脑户,主治,头重，头痛，面赤，目黄，眩晕，面痛、音哑，项强，癫狂痫证，舌本出血，瘿瘤。
脑户,配伍,配通天、脑空治头重痛；配人中、太冲、丰隆治癫狂痫。
脑户,刺灸法,平刺0.5～0.8寸；可灸。
强间,拼音,Qiángjiān
强间,定位,在头部，当后发际正中直上４寸（脑户上１.５寸）。
强间,解剖,在浅筋膜、帽状腱膜中；有左右枕动、静脉吻合网；布有枕大神经分支。
强间,主治,头痛，目眩，颈项强痛，癫狂痫证，烦心，失眠。
强间,配伍,配后溪、至阴治后头痛、目眩；配丰隆治头痛难忍。
强间,刺灸法,平刺0.5～0.8寸；可灸。
后顶,拼音,Hòuding
后顶,定位,在头部，当后发际正中直上５.５寸（脑户上３寸）。
后顶,解剖,在浅筋膜、帽状腱膜中；有左右枕动、静脉网；布有枕大神经分支。
后顶,主治,头痛，眩晕，项强，癫狂痫证，烦心，失眠。
后顶,配伍,配百会、合谷治头顶剧痛；配外丘治颈项痛、恶风寒；配玉枕、颔厌治风眩；配率谷、太阳治偏头痛；配风池治脱发。
后顶,刺灸法,平刺0.5～0.8寸；可灸。
百会,拼音,Baihuì
百会,定位,在头部，当前发际正中直上５寸，或两耳尖连线中点处。
百会,解剖,在帽状腱膜中；有左右颞浅动、静脉及左右枕动、静脉吻合网；布有枕大神经及额神经分支。
百会,主治,头痛，眩晕，惊悸，健忘，尸厥，中风不语，癫狂，痫证，癔病，耳鸣，鼻塞，脱肛，痔疾，阴挺，泄泻。
百会,配伍,配天窗治中风失音不能言语；配百会、长强、大肠俞治小儿脱肛；配百会、人中、合谷、间使、气海、关元治尸厥、卒中、气脱；配脑空、天枢治头风；针刺百会，配耳穴的神门埋揿针戒烟；配养老、百会、风池、足临泣治美尼尔氏综合症；针百会透曲鬓、天柱治脑血管痉挛、偏头痛；配百会、水沟、足三里治低血压；配百会、水沟、京骨治癫痫大发作；配百会、肾俞（回旋灸）主治炎症。
百会,刺灸法,平刺0.5～0.8寸；可灸。
前顶,拼音,Qiánding
前顶,定位,在头部，当前发际正中直上３.５寸（百会前０.５寸）。
前顶,解剖,在帽状腱膜中；有左右颞浅动、静脉吻合网；布有额神经分支和枕大神经分支会合处。
前顶,主治,癫痫，头晕，目眩，头顶痛，鼻渊，目赤肿痛，小儿惊风。
前顶,配伍,配前顶、后顶、颌厌治风眩、偏头痛；配人中治面肿虚浮；配百会治目暴赤肿；配五处治头风目眩、目戴上。
前顶,刺灸法,平刺0.3～0.5寸；可灸。
囟会,拼音,Xìnghuì
囟会,定位,在头部，当前发际正中直上２寸（百会前３寸）
囟会,解剖,在帽状腱膜中；有左右颞浅动、静脉吻合网；布有额神经分支。
囟会,主治,头痛，目眩，面赤暴肿，鼻渊，鼻衄，鼻痔，鼻痈，癫疾，嗜睡，小儿惊风
囟会,配伍,配玉枕治头风；配百会治多睡；配头维、太阳、合谷治头痛目眩；配上星、合谷、列缺、迎香治鼻渊、鼻衄；配前顶、天柱、本神治小儿惊痫；配人中、十宣治中风昏迷、癫痫；配血海、支沟治血虚头晕。
囟会,刺灸法,平刺0.3～0.5寸，小儿禁刺；可灸
上星,拼音,Shàngxīng
上星,定位,在头部，当前发际正中直上１寸。
上星,解剖,在左右额肌交界处；有额动、静脉分支，颞浅动、静脉分支；有额神经分支。
上星,主治,头痛，眩晕，目赤肿痛，迎风流泪，面赤肿，鼻渊，鼻衄，鼻痔，鼻痈，癫狂，痫证，小儿惊风，疟疾，热病。
上星,配伍,配合谷、太冲治头目痛；配丘墟、陷谷治疟疾；配大椎治鼻中息肉、面赤肿、口鼻出血不止；配水沟治癫狂；配印堂、素s、百会、迎香、合谷、曲池、列缺、支沟治酒渣鼻。
上星,刺灸法,平刺0.5～0.8寸；可灸。
神庭,拼音,Shéntíng
神庭,定位,在头部，当前发际正中直上０.５寸。
神庭,解剖,在左右额肌之交界处；有额动、静脉分支；布有额神经分支。
神庭,主治,头痛，眩晕，目赤肿痛，泪出，目翳，雀目，鼻渊，鼻衄，癫狂，痫证，角弓反张。
神庭,配伍,配行间治目泪出；配囟会治中风不语；配兑端、承浆治癫痫呕沫；配水沟治寒热头痛、喘渴、目不可视；配太冲、太溪、阴郄、风池治肝阳上亢型头痛、眩晕、失眠等病症。
神庭,刺灸法,平刺0.3～0.5寸；可灸。
素s,拼音,Sùliáo
素s,定位,在面部，当鼻尖的正中央。
素s,解剖,在鼻尖软骨中；有面动、静脉鼻背支；布有筛前神经鼻外支（眼神经分支）。
素s,主治,鼻塞，鼻衄，鼻流清涕，鼻中肉，鼻渊，酒鼻，惊厥，昏迷，新生儿窒息。
素s,配伍,配百会、足三里治低血压休克；配迎香、合谷治鼻渊。
素s,刺灸法,向上斜刺0.3～0.5寸，或点刺出血；不灸。
水沟,拼音,Shuigōu
水沟,定位,在面部，当人中沟的上１/３与中１/３交点处。
水沟,解剖,在口轮匝肌中；有上唇动、静脉；布有眶下神经支及面神经颊支。
水沟,主治,昏迷，晕厥，暑病，癫狂，痫证，急慢惊风，鼻塞，鼻衄，风水面肿，齿痛，牙关紧闭，黄疸，消渴，霍乱，温疫，脊膂强痛，挫闪腰疼。
水沟,配伍,配百会、十宣、涌泉治昏迷急救。中暑加委中、尺泽，溺水窒息加会阴，癫狂加内关，癔病发作加合谷透劳宫；配上星、风府治鼻流清涕；配委中（泻法）治急性腰扭伤；配三阴交、血海治月经不调、崩漏。
水沟,刺灸法,向上斜刺0.3～0.5寸，或用指甲按掐；不灸。
兑端,拼音,Duìduān
兑端,定位,在面部，当上唇的尖端，人中沟下端的皮肤与唇的移行部。
兑端,解剖,在口轮匝肌中；有上唇动、静脉；布有面神经颊支及眶下神经分支。
兑端,主治,昏迷，晕厥，癫狂，癔病，消渴嗜饮，口疮臭秽，齿痛，口噤，鼻塞。
兑端,配伍,配本神治癫痫呕沫；配目窗、正营、耳门治唇吻强，止齿龋痛。
兑端,刺灸法,斜刺0.2～0.3寸；不灸。
龈交,拼音,Yínjiāo
龈交,定位,在上唇内，唇系带与上齿龈的相接处。
龈交,解剖,有上唇系带；有上唇动、静脉；布有上颌内槽神经分支。
龈交,主治,齿龈肿痛，口臭，齿衄，处鼻渊，面赤颊肿，唇吻强急，面部疮癣，两腮生疮，癫狂，项强。
龈交,配伍,配风府治颈项急，不得顾；配承浆治口臭难近；配上关、大迎、翳风治口噤不开。
龈交,刺灸法,向上斜刺0.2～0.3寸；不灸。
会阴,拼音,Huìyīn
会阴,定位,在会阴部，男性当阴囊根部与肛门连线的中点，女性当大阴唇后联合与肛门连线的中点。
会阴,解剖,在球海绵体中央，有会阴浅、深横肌；有会阴动、静脉分支；布有会阴神经分支。
会阴,主治,溺水窒息，昏迷，癫狂，惊痫，小便难，遗尿，阴痛，阴痒，阴部汗湿，脱肛，阴挺，疝气，痔疾，遗精，月经不调。
会阴,配伍,配神门治癫狂痫；配水沟治溺水窒息；配十宣急救昏迷；配蠡沟治阴痒、阴痛（湿热下注型）；配归来、百会治阴挺（中气下陷型）；配承山治痔疮、脱肛；配支沟、上巨虚治便秘；配中极治遗尿、淋症；配关元治遗精。
会阴,刺灸法,直刺０.５～１寸，孕妇慎用；可灸。
会阴,附注,任脉别络，侠督脉、冲脉之会。
曲骨,拼音,Qūgǔ
曲骨,定位,在下腹部，当前正中线上，耻骨联合上缘的中点处。
曲骨,解剖,在腹白线上；有腹壁下动脉及闭孔动脉的分支；布有髂腹下神经分支。
曲骨,主治,少腹胀满，小便淋沥，遗尿，疝气，遗精阳痿，阴囊湿痒，月经不调，赤白带下，痛经。
曲骨,配伍,配肾俞、志室、大赫、关元、命门治阳萎、遗精（肾气虚型）；配膀胱俞、肾俞、次s、阴陵泉、蠡沟治阳萎、遗精、癃闭、淋症、阴痒、湿疹、带下（湿热下注）；配中极、关元、肾俞治肾虚、遗尿、小便不利；配关元、命门、阴交（针补法或灸）治宫寒不孕、痛经。
曲骨,刺灸法,直刺０.５～１寸，内为膀胱，应在排尿后进行针刺；可灸。
曲骨,附注,任脉、足厥阴之会。
中极,拼音,Zhōngjí
中极,定位,在下腹部，前正中线上，当脐中下４寸。
中极,解剖,在腹白线上，深部为乙状结肠；有腹壁浅动、静脉分支，腹壁下动、静脉分支；布有髂腹下神经的前皮支。
中极,主治,小便不利，遗溺不禁，阳痿，早泄，遗精，白浊，疝气偏坠，积聚疼痛，月经不调，阴痛，阴痒，痛经，带下，崩漏，阴挺，产后恶露不止，胞衣不下，水肿。
中极,配伍,配大赫、肾俞、阴交、三阴交、次s治阳萎、早泄、遗精、白浊、月经不调、痛经崩漏、产后恶露不止、胞衣不下、阴挺等症（肾气虚型）；配阴谷、气海、肾俞治遗溺不止；配大敦、关元、三阴交治疝气偏坠；配水分、三焦俞、三阴交、气海、委阳治水肿；中极透曲骨、配三阴交、地机治产后、术后尿潴留；中极透曲骨、配气海、膻中、足三里治尿潴留（老年人气虚）。
中极,刺灸法,直刺０.５～１寸；可灸。
中极,附注,足三阴、任脉之会。
关元,拼音,Guānyuán
关元,定位,在下腹部，前正中线上，当脐中下３寸。
关元,解剖,在腹白线上，深部为小肠；有腹壁浅动、静脉分支，腹壁下动、静脉分支；布有第十二肋间神经前皮支的内侧支。
关元,主治,中风脱证，虚劳冷惫，羸瘦无力，少腹疼痛，霍乱吐泻，痢疾，脱肛，疝气，便血，溺血，小便不利，尿频，尿闭，遗精，白浊，阳萎，早泄，月经不调，经闭，经痛，赤白带下，阴挺，崩漏，阴门瘙痒，恶露不止，胞衣不下，消渴，眩晕。
关元,配伍,配气海、肾俞（重灸）、神阙（隔盐灸）急救中风脱证；配足三里、脾俞、公孙、大肠俞治虚劳、里急、腹痛；配三阴交、血海、中极、阴交治月经不调（冲任不固，针用补法）；配中极、大赫、肾俞、次s、命门、三阴交治男子不育症、阳萎、遗精、早泄、尿频、尿闭、遗尿（肾阳虚衰、针补法或艾灸）；配太溪、肾俞治泄痢不止、五更泄。
关元,刺灸法,直刺０.５～１寸；可灸。
关元,附注,足三阴、任脉之会。
石门,拼音,Shímén
石门,定位,在下腹部，前正中线上，当脐中下２寸。
石门,解剖,在腹白线上，深部为小肠；有腹壁浅动、静脉分支，腹壁下动、静脉分支；布有第十一肋间神经前皮支的内侧支。
石门,主治,腹胀，泄利，绕脐疼痛，奔豚疝气，水肿，小便不利，遗精，阳萎，经闭，带下，崩漏，产后恶露不止。
石门,配伍,配阴陵泉、关元、阴交治四肢水肿、小便不利（肾气不化）；配肾俞、三阴交治遗尿；配关元、天枢、气海、足三里治腹胀泄泻、绕脐痛；配大敦、归来治疝气；配三阴交、带脉穴治崩漏、带下。
石门,刺灸法,直刺０.５～１寸；可灸。孕妇慎用。
石门,附注,手少阳之募穴。
气海,拼音,Qìhǎi
气海,定位,在下腹部，前正中线上，当脐中下１.５寸。
气海,解剖,在腹白线上，深部为小肠；有腹壁浅动脉、静脉分支，腹壁下动、静脉分支；布有第十一肋间神经前皮支的内侧支。
气海,主治,绕脐腹痛，水肿鼓胀，脘腹胀满，水谷不化，大便不通，泄痢不禁，癃淋，遗尿，遗精，阳萎，疝气，月经不调，痛经，经闭，崩漏，带下，阴挺，产后恶露不止，胞衣不下，脏气虚惫，形体羸瘦，四肢乏力。
气海,配伍,配三阴交治白浊、遗精；配关元治产后恶露不止；配灸关元、膏肓、足三里治喘息短气（元气虚惫）；配关元、命门（重灸）、神阙（隔盐灸）急救中风脱证。配足三里、脾俞、胃俞、天枢、上巨虚治胃腹胀痛、呃逆、呕吐、水谷不化、大便不通、泄痢不止（脾气虚弱）；配足三里、合谷、百会治胃下垂、子宫下垂、脱肛。
气海,刺灸法,直刺０.５～１寸；可灸。孕妇慎用。
气海,附注,肓之原穴。
阴交,拼音,Yīnjiāo
阴交,定位,在下腹部，前正中线上，当脐中下１寸。
阴交,解剖,在腹白线上，深部为小肠；有腹壁浅动脉、静脉分支，腹壁下动、静脉分支；布有第十肋间神经前皮支的内侧支。
阴交,主治,绕脐冷痛，腹满水肿，泄泻，疝气，阴痒，小便不利，奔豚，血崩，带下，产后恶露不止，小儿陷囟，腰膝拘挛。
阴交,配伍,配阴陵泉、带脉穴治赤白带下；配子宫穴、三阴交治月经不调、崩漏；配大肠俞、曲池治脐周作痛；配天枢、气海治腹胀肠鸣、泄泻。
阴交,刺灸法,直刺０.５～１寸；可灸。孕妇慎用。
阴交,附注,任脉、冲脉、少阴之会。
神阙,拼音,Shénquè
神阙,定位,在腹中部，脐中央。
神阙,解剖,在脐窝正中，深部为小肠；有腹壁下动、静脉；布有第十肋间神经前皮支的内侧支。
神阙,主治,中风虚脱，四肢厥冷，尸厥，风痫，形惫体乏，绕脐腹痛，水肿鼓胀，脱肛，泄利，便秘，小便不禁，五淋，妇女不孕。
神阙,配伍,配三阴交治五淋；配公孙、水分、天枢、足三里治泄痢便秘、绕脐腹痛（脾肾不和）；配长强、气海、关元治脱肛、小便不禁、肾虚不孕症；神阙（隔盐灸）配关元、气海（重灸）治中风脱证。
神阙,刺灸法,禁刺；可灸。
水分,拼音,Shuǐfēn
水分,定位,在上腹部，前正中线上，当脐中上１寸。
水分,解剖,在腹白线上，深部为小肠；有腹壁下动脉、静脉分支，腹壁下动、静脉分支；布有第八、九肋间神经前皮支的内侧支。
水分,主治,腹痛，腹胀，肠鸣，泄泻，翻胃，水肿，小儿陷囟，腰脊强急。
水分,配伍,配天枢、地机治腹水；配内关治反胃呕吐；配中封、曲泉治脐痛；配脾俞、三阴交治浮肿。
水分,刺灸法,直刺０.５～１寸；可灸。
下脘,拼音,Xiàwǎn
下脘,定位,在上腹部，前正中线上，当脐中上２寸。
下脘,解剖,在腹白线上，深部为横结肠；有腹壁上、下动、静脉交界处的分支；布有第八肋间神经前皮支的内侧支。
下脘,主治,脘痛，腹胀，呕吐，呃逆，食谷不化，肠鸣，泄泻，痞块，虚肿。
下脘,配伍,配天枢、气海、关元、足三里（针灸并用）治急性菌痢。
下脘,刺灸法,直刺０.５～１寸；可灸。
下脘,附注,足太阴、任脉之会。
建里,拼音,Jiànlǐ
建里,定位,在上腹部，前正中线上，当脐中上３寸。
建里,解剖,在腹白线上，深部为横结肠；有腹壁上、下动、静脉交界处的分支；布有第八肋间神经前皮支的内侧支。
建里,主治,胃脘疼痛，腹胀，呕吐，食欲不振，肠中切痛，水肿。
建里,配伍,配内关治胸中苦闷；配水分治肚腹浮肿。
建里,刺灸法,直刺０.５～１寸；可灸。
中脘,拼音,Zhōngwǎn
中脘,定位,在上腹部，前正中线上，当脐中上４寸。
中脘,解剖,在腹白线上，深部为胃幽门部；有腹壁上动、静脉；布有第七、八肋间神经前皮支的内侧支。
中脘,主治,胃脘痛，腹胀，呕吐，呃逆，翻胃，吞酸，纳呆，食不化，疳积，膨胀，黄疸，肠鸣，泄利，便秘，便血，胁下坚痛，虚劳吐血，哮喘，头痛，失眠，惊悸，怔忡，脏躁，癫狂，痫证，尸厥，惊风，产后血晕。
中脘,配伍,配百会、足三里、神门治失眠、脏躁；配膻中、天突、丰隆治哮喘；配梁丘、下巨虚治急性胃肠炎；配肝俞、太冲、三阴交、公孙治疗胃十二指肠球部溃疡；配上脘、梁门（电针20分钟）治胆道蛔虫症；配阳池、胞门、子户（针灸并用），治腰痛、痛经、月经不调（子宫不正）；配气海、足三里、内关、百会治胃下垂。
中脘,刺灸法,直刺０.５～１寸；可灸。
中脘,附注,胃经募穴，八会穴之腑会，手太阳、少阳、足阳明、任脉之会。
上脘,拼音,Shàngwǎn
上脘,定位,在上腹部，前正中线上，当脐中上５寸。
上脘,解剖,在腹白线上，深部为肝下缘及胃幽门部；有腹壁上动、静脉分支；布有第七肋间神经前皮支的内侧支。
上脘,主治,胃脘疼痛，腹胀，呕吐，呃逆，纳呆，食不化，黄疸，泄利，虚劳吐血，咳嗽痰多，癫痫。
上脘,配伍,配丰隆治纳呆；配天枢、中脘治嗳气吞酸、腹胀、肠鸣、泄泻。
上脘,刺灸法,直刺０.５～１寸；可灸。
上脘,附注,任脉、足阳明、手太阳之会。
巨阙,拼音,Jùquè
巨阙,定位,在上腹部，前正中线上，当脐中上６寸。
巨阙,解剖,在腹白线上，深部为肝脏；有腹壁上动、静脉分支；布有第七肋间神经前皮支的内侧支。
巨阙,主治,胸痛，心痛，心烦，惊悸，尸厥，癫狂，痫证，健忘，胸满气短，咳逆上气，腹胀暴痛，呕吐，呃逆，噎嗝，吞酸，黄疸，泄利。
巨阙,配伍,配内关治心绞痛；配章门、合谷、中脘、内关、足三里治呃逆；配足三里、膻中、内关、三阴交、心平穴、心俞治疗急性心肌梗塞；配内关、人中治癫狂痫证；配神门治失眠健忘。
巨阙,刺灸法,直刺０.５～１寸；可灸。
巨阙,附注,心经募穴。
鸠尾,拼音,Jiūwěi
鸠尾,定位,在上腹部，前正中线上，当胸剑结合部下１寸。
鸠尾,解剖,在腹白线上，腹直肌起始部，深部为肝脏；有腹壁上动、静脉分支；布有第六肋间神经前皮支的内侧支。
鸠尾,主治,心痛，心悸，心烦，癫痫，惊狂，胸中满痛，咳嗽气喘，呕吐，呃逆，反胃，胃痛。
鸠尾,配伍,配梁门、足三里治胃痛；配三关、足三里治呕吐。
鸠尾,刺灸法,斜向下刺０.５～１寸；可灸。
中庭,拼音,Zhōngtíng
中庭,定位,在胸部，当前正中线上，平第５肋间，即胸剑结合部。
中庭,解剖,有胸廓（乳房）内动、静脉的前穿支；布有第五肋间神经前皮支的内侧支。
中庭,主治,胸腹胀满，噎嗝，呕吐，心痛，梅核气。
中庭,配伍,配俞府、意舍治呕吐。
中庭,刺灸法,平刺０.３～０.５寸；可灸。
膻中,拼音,Dànzhōng
膻中,定位,在胸部，当前正中线上，平第４肋间，两乳头连线的中点。
膻中,解剖,在胸骨体上；有胸廓（乳房）内动、静脉的前穿支；布有第四肋间神经前皮支的内侧支。
膻中,主治,咳嗽，气喘，咯唾脓血，胸痹心痛，心悸，心烦，产妇少乳，噎嗝，膨胀。
膻中,配伍,配曲池、合谷（泻法）治急性乳腺炎；配内关、三阴交、巨阙、心平、足三里治冠心病急性心肌梗塞；配中脘、气海治呕吐反胃；配天突治哮喘；配乳根、合谷、三阴交、少泽、灸膻中治产后缺乳；配肺俞、丰隆、内关治咳嗽痰喘；配厥阴俞、内关治心悸、心烦、心痛。
膻中,刺灸法,平刺０.３～０.５寸；可灸。
膻中,附注,心包经之募穴，八会穴之气会。
玉堂,拼音,Yùtáng
玉堂,定位,在胸部，当前正中线上，平第３肋间。
玉堂,解剖,在胸骨体中点；有胸廓（乳房）内动、静脉的前穿支；布有第三肋间神经前皮支的内侧支。
玉堂,主治,膺胸疼痛，咳嗽，气短，喘息，喉痹咽肿，呕吐寒痰，两乳肿痛。
玉堂,配伍,玉堂透膻中、内关、胸夹脊（T1～5）治疗胸痹。
玉堂,刺灸法,平刺０.３～０.５寸；可灸。
紫宫,拼音,Zǐgōng
紫宫,定位,在胸部，当前正中线上，平第２肋间。
紫宫,解剖,在胸骨体上；有胸廓（乳房）内动、静脉的前穿支；布有第二肋间神经前皮支的内侧支。
紫宫,主治,咳嗽，气喘，胸胁支满，胸痛，喉痹，吐血，呕吐，饮食不下。
紫宫,配伍,配玉堂、太溪治呃逆上气、心烦。
紫宫,刺灸法,平刺０.３～０.５寸；可灸。
华盖,拼音,Huágài
华盖,定位,在胸部，当前正中线上，平第１肋间。
华盖,解剖,在胸骨角上；有胸廓（乳房）内动、静脉的前穿支；布有第一肋间神经前皮支的内侧支。
华盖,主治,咳嗽，气喘，胸痛，胁肋痛，喉痹，咽肿。
华盖,配伍,配气户治胁肋疼痛。
华盖,刺灸法,平刺０.３～０.５寸，可灸。
璇玑,拼音,Xuánjī
璇玑,定位,在胸部，当前正中线上，天突下１寸。
璇玑,解剖,在胸骨柄上；有胸廓（乳房）内动、静脉的前穿支；布有锁骨上神经前支。
璇玑,主治,咳嗽，气喘，胸满痛，喉痹咽肿，胃中有积。
璇玑,配伍,配鸠尾治喉痹咽肿。
璇玑,刺灸法,平刺０.３～０.５寸；可灸。
天突,拼音,Tiāntū
天突,定位,在颈部，当前正中线上胸骨上窝中央。
天突,解剖,在左右胸锁乳突肌之间，深层左右为胸骨舌骨肌和胸骨甲状肌；皮下有颈静脉弓、甲状腺下动脉分支；深部为气管，再向下，在胸骨柄后方为无名静脉及主动脉弓；布有锁骨上神经前支。
天突,主治,咳嗽，哮喘，胸中气逆，咯唾脓血，咽喉肿痛，舌下急，暴喑，瘿气，噎嗝，梅核气。
天突,配伍,配定喘穴、鱼际治哮喘、咳嗽；配膻中、列缺治外感咳嗽；配内关、中脘治呃逆；配廉泉、涌泉治暴喑；配丰隆治梅核气；配少商、天容治咽喉肿痛；配气舍、合谷治地方性甲状腺肿大。
天突,刺灸法,先直刺０.２～０.３寸，然后沿胸骨柄后缘，气管前缘缓慢向下刺入０.５～１寸；可灸。
天突,附注,阴维、任脉之会。
天突,注意,本穴针刺不能过深，也不宜向左右刺，以防刺伤锁骨下动脉及肺尖。如刺中气管壁，针下有硬而轻度弹性的感觉，病人出现喉痒欲咳等现象；若刺破气管壁，可引起剧烈的咳嗽及血痰等现象。如刺中无名静脉或主动脉弓时，针下可有柔软而有弹力的阻力或病人有疼痛感觉，应即退针。
廉泉,拼音,Liánquán
廉泉,定位,在颈部，当前正中线上，结喉上方，舌骨上缘凹陷处。
廉泉,解剖,在甲状软骨和舌骨之间，深部为会厌，下方为喉门，有甲状舌骨肌、舌肌；有颈前浅静脉，甲状腺上动、静脉；布有颈皮神经，深层有舌下神经分支。
廉泉,主治,舌下肿痛，舌根急缩，舌纵涎出，舌强，中风失语，舌干口燥，口舌生疮，暴喑，喉痹，聋哑，咳嗽，哮喘，消渴，食不下。
廉泉,配伍,配金津、玉液、天突、少商治舌强不语、舌下肿痛、舌缓流涎、暴喑。
廉泉,刺灸法,直刺０.５～０.８寸，不留针；可灸。
廉泉,附注,阴维、任脉之会。
承浆,拼音,Chéngjiāng
承浆,定位,在面部，当颏唇沟的正中凹陷处。
承浆,解剖,在口轮匝肌和颏肌之间；有下唇动、静脉分支；布有面神经及颏神经分支。
承浆,主治,口眼沸保唇紧，面肿，齿痛，齿衄，龈肿，流涎，口舌生疮，暴喑不言，消渴嗜饮，小便不禁，癫痫。
承浆,配伍,配委中治衄血不止；配风府治头项强痛、牙痛。
承浆,刺灸法,斜刺０.３～０.５寸；可灸。
承浆,附注,足阳明、任脉之会。
四神聪,拼音,Sìshéncōng
四神聪,定位,在头顶部，当百会前后左右各１寸，共四穴。
四神聪,解剖,在帽状腱膜中；有枕动、静脉、颞浅动、静脉顶支和眶上动、静脉的吻合网；布有枕大神经、耳颞神经及眶上神经分支。
四神聪,主治,头痛，眩晕，失眠，健忘，癫狂，痫证，偏瘫，脑积水，大脑发育不全。
四神聪,刺灸法,平刺０.５～０.８寸；可灸。
鱼腰,拼音,Yúyāo
鱼腰,定位,在额部，瞳孔直上，眉毛中。
鱼腰,解剖,在眼轮匝肌中；有额动、静脉外侧支；布有眶上神经、面神经的分支。
鱼腰,主治,目赤肿痛，目翳，眼睑动，眼睑下垂，眶上神经痛。
鱼腰,刺灸法,平刺０.３～０.５寸；禁灸。
太阳,拼音,Tàiyáng
太阳,定位,在颞部，当眉梢与目外眦之间，向后约一横指的凹陷处。
太阳,解剖,在颞筋膜及颞肌中；有颞浅动、静脉；布有三叉神经第二、三支分支，面神经颞支。
太阳,主治,偏正头痛，目赤肿痛，目眩，目涩，牙痛，三叉神经痛。
太阳,刺灸法,直刺或斜刺０.３～０.５寸；或用三棱针点刺出血。禁灸。
耳尖,拼音,Erjiān
耳尖,定位,在耳廓的上方，当折耳向前，耳廓上方的尖端处。
耳尖,解剖,有耳后动、静脉；布有耳颞神经。
耳尖,主治,目赤肿痛，上目翳，偏正头痛，喉痹，以及麦粒肿。
耳尖,刺灸法,直刺０.１～０.２寸；或用三棱针点刺出血。可灸。
球后,拼音,Qíuhòu
球后,定位,在面部，当眶下缘外四分之一与内四分之三交界处。
球后,解剖,在眼轮匝肌中，深部为眼肌；浅层有面动、静脉；布有面神经颧支和眶下神经、结状神经结和视神经，深层有眼神经。
球后,主治,目疾。如视神经炎，视神经萎缩，视网膜色素变性，青光眼，早期白内障，近视。
球后,刺灸法,沿眶下缘从外下向内上，向视神经孔方向刺０.５～１寸。
上迎香,拼音,Shàngyíngxiāng
上迎香,定位,在面部，当鼻翼软骨与鼻甲的交界处，近鼻唇沟上端处。
上迎香,解剖,在上唇方肌中；有面动、静脉之支；布有筛前神经、眶下神经分支及滑车下神经。
上迎香,主治,头痛，鼻塞，鼻中肉，暴发火眼，迎风流泪。
上迎香,刺灸法,向内上方斜刺０.３～０.５寸；可灸。
内迎香,拼音,Nèiyíngxiāng
内迎香,定位,在鼻孔，当鼻翼软骨与鼻甲的粘膜处。
内迎香,解剖,在鼻腔底部粘膜上；有面、动、静脉的鼻背支；布有筛前神经的鼻外支。
内迎香,主治,目赤肿痛，鼻疾，喉痹，热病，中暑，眩晕。
内迎香,刺灸法,用三棱针点刺出血。有出血体质的人忌用。
夹承浆,拼音,Jiáchéngjiāng
夹承浆,定位,在面部，承浆穴旁开1寸处。
夹承浆,解剖,在口轮匝肌中，浅层有颏神经分布；深层有面神经下颌缘支和下唇动脉分布。
夹承浆,主治,齿龈肿痛、口贰
夹承浆,操作,斜刺或平刺0.3~0.5寸。
金津、玉液,拼音,Jīnjīn、Yùyè
金津、玉液,定位,在口腔内，当舌系带两侧静脉上，左为金津，右为玉液。
金津、玉液,解剖,穴区浅层有舌神经（发自下颌神经）和舌深静脉干经过；深层有舌神经、舌下神经和舌动脉分布。
金津、玉液,主治,①口疮、舌强、舌肿；②呕吐、消渴。
金津、玉液,操作,点刺出血。
翳明,拼音,Yìmíng
翳明,定位,在项部，当翳风后1寸。
翳明,解剖,在胸锁乳突肌上，穴区浅层有耳大神经和枕小神经分布；深层有副神经、颈神经后支和耳后动脉分布；再深层有迷走神经干、副神经干和颈内动、静脉经过。
翳明,主治,①头痛、眩晕、失眠；②目疾、耳鸣。
翳明,操作,直刺0.5～1寸；可灸。
牵正,拼音,Qiānzhèng
牵正,定位,在面颊部，耳垂前0.5～1寸处。
牵正,解剖,在咬肌中，浅层有耳大神经分布；深层有面神经颊支、下颌神经咬肌支和咬肌动脉分布。
牵正,主治,口贰⒖诖。
牵正,操作,向前斜刺0.5～0.8寸；可灸。
安眠,拼音,Anmián
安眠,定位,在项部，当翳风穴与风池穴连线的中点。
安眠,解剖,同翳明。
安眠,主治,①失眠、头痛、眩晕；②心悸；③癫狂。
安眠,操作,直刺0.8～1.2寸；可灸。
上明,拼音,Shàngmíng
上明,定位,在额部，眉弓中点，眶上缘下。
上明,解剖,在眼轮匝肌中，浅层有眶上神经分布，深层有面神经颞支和额动脉分布。
上明,主治,目疾。
上明,操作,轻压眼球向下，向眶缘缓慢直刺0.5～1.5寸，不提插。
子宫,拼音,Zǐgōng
子宫,定位,在下腹部，当脐中下4寸，中极旁开3寸。
子宫,解剖,在腹内、外斜肌中，穴区浅层有髂腹下神经和腹壁浅动脉分布；深层有骼腹股沟神经的肌支和腹壁下动脉分布；再深层可进入腹腔刺及小肠。
子宫,主治,①阴挺；②月经不调、痛经、崩漏；③不孕。
子宫,操作,直刺0.8～1.2寸。
三角灸,拼音,Sānjiǎojiǔ
三角灸,定位,以患者两口角之间的长度为一边，作等边三角形，将顶角置于患者脐心，底边呈水平线，两底角处是该穴。
三角灸,解剖,在腹直肌中，穴区有腹壁下动、静脉和第10肋间神经分布。
三角灸,主治,疝气、腹痛。
三角灸,操作,艾炷灸5~7壮。
定喘,拼音,Dìngchuǎn
定喘,定位,在背部，当第7颈椎棘突下，旁开0.5寸。
定喘,解剖,在斜方肌、菱形肌、上后锯肌、头夹肌、头半棘肌中，穴区浅层有颈神经后支的皮支分布；深层有颈神经后支的肌支、副神经和颈横动脉、颈深动脉分布。
定喘,主治,①哮喘、咳嗽；②肩背痛、落枕。
定喘,操作,直刺0.5～0.8寸；可灸。
夹脊,拼音,Jiájǐ
夹脊,定位,在背腰部，当第1胸椎至第5腰椎棘突下两侧，后正中线旁开0.5寸，一侧17穴，左右共34穴。
夹脊,解剖,在背肌浅层（斜方肌、菱形肌、胸腰筋膜、后锯肌）及背肌深层（竖脊肌）中。穴区浅层有胸或腰神经后支的皮支分布；深层有胸或腰神经后支和肋间后动脉、腰动脉分布。
夹脊,主治,适应范围较广，其中上胸部的穴位治疗心肺、上肢疾病；下胸部的穴位治疗胃肠疾病；腰部的穴位治疗腰腹及下肢疾病。
夹脊,操作,直刺0.3~0.5寸，或用梅花针叩刺；可灸。
胃脘下俞,拼音,Wèiwǎnxiàshū
胃脘下俞,定位,在背部，当第8胸椎棘突下，旁开1.5寸。
胃脘下俞,解剖,在斜方肌、背阔肌中，穴区浅层有第8胸神经后支的皮支分布；深层有第8胸神经后支的肌支和肋间后动脉分布。
胃脘下俞,主治,①胃痛、腹痛、胸胁痛；②消渴。
胃脘下俞,操作,斜刺0.3～0.5寸；可灸。
腰眼,拼音,Yāoyǎn
腰眼,定位,在腰部，当第4腰椎棘突下，旁开约3.5寸凹陷中。
腰眼,解剖,在背阔肌、腰方肌中，穴区浅层有第3腰神经后支的皮支分布；深层有第4腰神经后支的肌支和腰动脉分布。
腰眼,主治,①腰痛；②月经不调、带下；③虚劳。
腰眼,操作,直刺1～1.5寸；可灸。
十七椎,拼音,Shíqīzhuī
十七椎,定位,在腰部，当后正中线上，第5腰椎棘突下。
十七椎,解剖,在棘上韧带、棘间韧带中，穴区浅层有第5腰神经后支的皮支分布；深层有第5腰神经后支的肌支和腰动脉分布。
十七椎,主治,①腰腿痛、下肢瘫痪；②崩漏、月经不调；③小便不利。
十七椎,操作,直刺0.5～1寸；可灸。
腰奇,拼音,Yāoqí
腰奇,定位,在骶部，当尾骨端直上2寸，骶角之间凹陷中。
腰奇,解剖,在棘上韧带，穴区浅层有臀中皮神经分布；深层有骶神经后支和骶中动脉分布；再深可进入骶管裂孔。
腰奇,主治,①癫痫、头痛、失眠；②便秘。
腰奇,操作,向上平刺1～1.5寸；可灸。
肩前,拼音,Jiānqián
肩前,定位,在肩部，正坐垂臂，当腋前皱襞顶端与肩k穴连线的中点。
肩前,解剖,在三角肌中，穴区浅层有锁骨上神经外侧支分布；深层有腋神经、肌皮神经和胸肩峰动脉分布。
肩前,主治,肩臂痛、臂不能举。
肩前,操作,直刺1～1.5寸；可灸。
肘尖,拼音,Zhóujiān
肘尖,定位,在肘后部，屈肘当尺骨鹰嘴的尖端。
肘尖,解剖,穴区有前臂背侧皮神经和肘关节动脉网分布。
肘尖,主治,①瘰疬；②痈疽；③肠痈。
肘尖,操作,艾炷灸7～15壮。
二白,拼音,Erbái
二白,定位,在前臂掌侧，腕横纹上4寸，桡侧腕屈肌腱的两侧，一侧各1穴，一臂2穴，左右两臂共4穴。
二白,解剖,在指浅屈肌、拇长屈肌（桡侧穴）和指深屈肌（尺侧肌）中，穴区浅层有前臂内、外侧皮神经分布；深层有桡动脉干、桡神经浅支（桡侧穴）和正中神经（尺侧穴）经过，并有正中神经肌支和骨间前动脉分布。
二白,主治,①痔疾、脱肛；②前臂痛、胸肋痛。
二白,操作,直刺0.5～0.8寸；可灸。
中魁,拼音,Zhōngkuí
中魁,定位,在中指背侧近侧侧指间关节的中点处。握拳取穴。
中魁,解剖,有桡、尺神经的指背神经和指背动脉分布。
中魁,主治,噎膈、呕吐、食欲不振、呃逆。
中魁,操作,针刺0.2～0.3寸；艾炷灸5～7壮。
腰痛点,拼音,Yāotòngdiǎn
腰痛点,定位,在手背侧，当第2、第3掌骨及第4、第5掌骨之间，当腕横纹与掌指关节中点处，一侧2穴，左右共4穴。
腰痛点,解剖,在桡侧腕短伸肌腱（桡侧腱）和小指伸肌腱（尺侧穴）中，穴区浅层有桡神经浅支的手背支（桡侧穴）和尺神经手背支（尺侧穴）分布；深层有桡神经肌支和掌背动脉分布。
腰痛点,主治,急性腰扭伤。
腰痛点,操作,由两侧向掌中斜刺0.5～0.8寸；可灸。
落枕穴,拼音,Luòzhěnxué
落枕穴,定位,在手背侧，当第2、第3掌骨间，指掌关节后约0.5寸处。
落枕穴,解剖,在第2骨间背侧肌中，穴区浅层有桡神经手背支和手背静脉网分布；深层有尺神经深支和掌背动脉分布。
落枕穴,主治,①落枕、手臂痛；②胃痛。
落枕穴,操作,直刺或斜刺0.5～0.8寸。
外劳宫,拼音,Wàiláogōng
外劳宫,定位,左手背侧，当第2、第3掌骨间，指掌关节后约0.5寸处（指寸）。
外劳宫,解剖,在第2骨间背侧肌中，穴区有桡神经浅支的指背神经、手背静脉网和掌背动脉。
外劳宫,主治,①落枕、手臂肿痛；②脐风。
外劳宫,操作,直刺0.5～0.8寸；可灸。
八邪,拼音,Bāxié
八邪,定位,在手背侧，微握拳，第1至第5指间，指蹼缘后方赤白肉际处，左右共8穴。
八邪,解剖,在拇收肌（八邪1）和骨间肌（八邪2、3、4）中，穴区浅层有桡神经浅支的手背支、尺神经手背支和手背静脉网分布；深层有尺神经肌支和掌背动脉分布。
八邪,主治,①手背肿痛、手指麻木；②烦热、目痛；③毒蛇咬伤。
八邪,操作,斜刺0.5～0.8寸，或点刺出血。
四缝,拼音,Sìfèng
四缝,定位,在第2至第5指掌侧，近端指关节的中央，一手4穴，左右共8穴。
四缝,解剖,在指深屈肌腱中，穴区浅层有掌侧固有神经和指掌侧固有动脉分布；深层有正中神经肌支（桡侧两个半手指）和尺神经肌支（尺侧一个半手指）分布。
四缝,主治,①小儿疳积；②百日咳。
四缝,操作,点刺出血或挤出少许黄色透明粘液。
十宣,拼音,Shíxuān
十宣,定位,在手十指尖端，距指甲游离缘0.1寸（指寸），左右共10穴。
十宣,解剖,有指掌侧固有神经（桡侧三个半手指由正中神经发出，尺侧一个半手指有尺神经发出）和掌侧固有动脉分布。
十宣,主治,①昏迷；②癫痫；③高热、咽喉肿痛。
十宣,操作,浅刺0.1～0.2寸，或点刺出血。
环中,拼音,Huánzhōng
环中,定位,在臀部，环跳穴与腰俞穴连线的中点。
环中,解剖,在臀大肌、股方肌中，穴区浅层有臀上皮神经分布；深层有坐骨神经干和股后皮神经干经过，并有臀下神经、坐骨神经肌支和臀下动脉分布。
环中,主治,坐骨神经痛、腰痛、腿痛。
环中,操作,直刺2～3寸；可灸。
百虫窝,拼音,Bǎichōngwō
百虫窝,定位,屈膝，在大腿内侧，髌底内侧端上3寸，即血海上1寸。
百虫窝,解剖,在股内侧肌中，穴区浅层有股神经前皮支分布；深层有股神经肌支和股动脉分布。
百虫窝,主治,①虫积；②风湿痒疹、下部生疮。
百虫窝,操作,直刺1.5～2寸；可灸。
鹤顶,拼音,Hèdǐng
鹤顶,定位,在膝上部，髌底的中点上方凹陷处。
鹤顶,解剖,在股四头肌腱中，穴区浅层有股神经前皮支分布；深层有股神经肌支和膝关节动脉网分布。
鹤顶,主治,膝痛、足胫无力、瘫痪。
鹤顶,操作,直刺0.8～1寸；可灸。
膝眼,拼音,Xīyǎn
膝眼,定位,屈膝，在髌韧带两侧凹陷处。在内侧的称内膝眼，在外侧的称外膝眼。
膝眼,解剖,浅层有隐神经分支和股神经前皮支分布；深层有股神经关节支和膝关节动脉网分布。
膝眼,主治,①膝痛、腿痛；②脚气。
膝眼,操作,向膝中斜刺0.5～1寸，或透刺对侧膝眼；可灸。
胆囊,拼音,Dǎnnáng
胆囊,定位,在小腿外侧上部，当腓骨小头前下方凹陷处（阳陵泉）直下2寸。
胆囊,解剖,在腓骨长肌中，穴区浅层有腓肠外侧皮神经分布；深层有腓深神经干和胫前动、静脉经过，并有腓浅神经肌支和胫前动脉分布。
胆囊,主治,①急慢性胆囊炎、胆石症、胆道蛔虫症；②下肢痿痹。
胆囊,操作,直刺1～2寸；可灸。
阑尾,拼音,Lánwěi
阑尾,定位,在小腿前侧上部，当犊鼻下5寸，胫骨前缘旁开一横指。
阑尾,解剖,在胫骨前肌、小腿骨间膜、胫骨后肌中，穴区浅层有腓肠外侧皮神经分布；深层有腓深神经干和胫前动、静脉经过，并有腓深神经肌支、胫神经肌支和胫前动脉分布。
阑尾,主治,①急慢性阑尾炎；②消化不良；③下肢痿痹。
阑尾,操作,直刺1.5～2寸；可灸。
内踝尖,拼音,Nèihuáijiān
内踝尖,定位,在足内侧面，内踝凸起处。
内踝尖,解剖,有隐神经的小腿内侧皮支的分支、胫前动脉的内踝网、内踝前动脉的分支和胫后动脉的内踝支。
内踝尖,主治,①牙痛、乳蛾；②小儿不语；③霍乱；④转筋。
内踝尖,操作,常用灸法。
外踝尖,拼音,Wàihuáijiān
外踝尖,定位,在足外侧面，外踝凸起处。
外踝尖,解剖,有胫前动脉的外踝网，腓动脉的外踝支和腓肠神经及腓浅神经的分支。
外踝尖,主治,①脚趾拘急、踝关节肿痛；②脚气；③牙痛。
外踝尖,操作,常用灸法。
八风,拼音,Bāfēng
八风,定位,在足背侧，第1至第5趾间，趾蹼缘后方赤白肉际处，一足4穴，左右共8穴。
八风,解剖,有趾背神经（八风1为腓深神经终末支，八风2、3、4为腓浅神经终末支）和趾背动脉分布。
八风,主治,①足跗肿痛、趾痛；②毒蛇咬伤；③脚气。
八风,操作,斜刺0.5～0.8寸，或点刺出血。
